Team,AdjOE,AdjDE,AdjEM,AdjTempo,HomeCourtAdv
Abilene Christian,101.392,105.258,-3.86649,70.9134,2.9
Air Force,98.1789,111.847,-13.6679,66.9521,3.5
Akron,114.755,103.973,10.7821,73.7179,2.6
Alabama,121.384,99.5386,21.8455,75.5544,3.6
Alabama A&M,97.7579,110.278,-12.5202,68.8723,3.0
Alabama St.,101.217,109.823,-8.60597,71.5709,2.3
Albany,99.6835,110.968,-11.285,70.5406,2.1
Alcorn St.,98.6635,113.861,-15.1978,71.1132,2.8
American,100.81,111.547,-10.7368,70.0032,2.1
Appalachian St.,103.315,107.926,-4.61137,66.6203,2.6
Arizona,120.911,94.9649,25.9459,73.3808,3.6
Arizona St.,109.956,100.388,9.56876,71.2947,3.0
Arkansas,115.917,97.3407,18.5762,72.9291,3.8
Arkansas Pine Bluff,96.1891,117.867,-21.6782,73.9068,2.0
Arkansas St.,106.741,108.384,-1.64361,73.739,2.5
Army,97.6751,115.934,-18.2589,70.1297,2.3
Auburn,119.014,99.0434,19.9708,70.6784,3.9
Austin Peay,99.5431,104.545,-5.00241,72.2231,2.7
Ball St.,103.277,111.058,-7.781,69.4584,2.7
Baylor,119.688,98.6727,21.0157,71.0213,3.7
Bellarmine,105.198,119.235,-14.0365,70.4302,2.4
Belmont,109.192,102.508,6.68355,73.5113,2.6
Bethune Cookman,106.564,110.909,-4.34445,71.1003,2.3
Binghamton,99.5127,114.227,-14.7139,69.1926,2.7
Boise St.,114.163,99.5745,14.5884,70.0988,3.4
Boston College,107.193,100.704,6.48917,68.9601,3.0
Boston University,107.261,115.641,-8.37982,66.3485,2.1
Bowling Green,106.691,104.108,2.58296,73.1124,2.9
Bradley,105.746,103.359,2.38675,69.6085,3.8
Brown,100.217,110.097,-9.87992,68.5974,1.8
Bryant,98.1786,111.684,-13.505,70.0276,2.7
Bucknell,100.837,110.064,-9.2268,69.8774,2.7
Buffalo,105.02,112.081,-7.06023,69.628,2.9
Butler,114.886,101.313,13.5737,73.2503,3.1
BYU,123.131,99.2419,23.8891,70.3224,4.1
Cal Baptist,106.603,107.443,-0.840444,69.0001,3.0
Cal Poly,103.11,108.167,-5.05662,76.8688,2.6
Cal St. Bakersfield,101.84,109.344,-7.50456,70.1757,3.0
Cal St. Fullerton,96.9349,110.953,-14.018,74.8435,2.1
California,113.446,102.517,10.9288,72.2261,3.3
Campbell,105.381,108.494,-3.11313,72.08,2.6
Canisius,96.6819,114.872,-18.1905,67.7838,2.4
Central Arkansas,98.0395,114.46,-16.4209,70.895,2.7
Central Connecticut,95.8694,106.79,-10.9203,69.2529,1.8
Central Michigan,102.489,110.932,-8.44293,69.5077,2.4
Charleston,109.783,112.253,-2.46971,69.2559,2.8
Charleston Southern,100.294,113.208,-12.9141,72.439,2.0
Charlotte,108.705,111.278,-2.57236,65.7725,3.6
Chattanooga,110.404,113.928,-3.52403,69.7455,2.6
Chicago St.,97.7845,117.153,-19.3683,70.7021,2.6
Cincinnati,108.155,91.1026,17.0522,74.1429,3.7
Clemson,119.101,98.4462,20.6547,67.1649,3.5
Cleveland St.,107.265,114.437,-7.17202,73.7281,3.1
Coastal Carolina,102.96,109.473,-6.51236,69.2221,3.0
Colgate,107.876,109.849,-1.97345,69.1145,2.2
Colorado,115.017,105.647,9.37075,71.1482,3.9
Colorado St.,120.145,105.286,14.8591,67.9055,3.7
Columbia,105.708,109.539,-3.83109,70.18,2.0
Connecticut,123.371,95.8043,27.5665,69.7136,3.9
Coppin St.,91.0193,115.567,-24.5482,70.651,2.3
Cornell,110.812,112.644,-1.83237,74.4596,2.5
Creighton,117.804,101.835,15.9682,70.0229,3.4
CSUN,105.715,109.527,-3.81161,75.1331,2.2
Dartmouth,101.072,112.188,-11.1166,73.9296,2.6
Davidson,109.237,105.454,3.78299,69.6588,2.8
Dayton,113.15,101.056,12.0934,69.3119,3.3
Delaware,106.158,111.836,-5.67803,70.2887,2.4
Delaware St.,93.746,114.215,-20.4694,69.6413,2.9
Denver,104.284,115.721,-11.437,69.7397,3.5
DePaul,107.149,102.604,4.54539,71.0581,3.0
Detroit Mercy,100.925,112.835,-11.9097,73.6619,2.8
Drake,106.082,104.929,1.15314,68.7201,3.4
Drexel,102.051,110.839,-8.78846,68.1834,3.1
Duke,123.386,93.6966,29.6895,70.9825,3.3
Duquesne,108.814,103.607,5.20713,71.7456,2.9
East Carolina,103.844,105.588,-1.74376,71.9421,3.3
East Tennessee St.,106.515,106.599,-0.0840264,69.9863,2.6
East Texas A&M,96.9821,111.24,-14.2579,71.9068,2.2
Eastern Illinois,96.7442,108.968,-12.2241,68.8503,2.3
Eastern Kentucky,105.966,111.198,-5.23208,71.7116,2.9
Eastern Michigan,102.55,109.667,-7.11716,70.7944,2.9
Eastern Washington,107.401,111.412,-4.01029,72.0068,2.3
Elon,107.795,114.716,-6.92088,70.2802,2.5
Evansville,100.264,108.466,-8.20204,69.9102,3.8
Fairfield,101.234,109.662,-8.42811,71.3798,2.3
Fairleigh Dickinson,99.7472,118.055,-18.3081,73.9983,1.5
FIU,104.134,108.347,-4.21298,73.5798,3.3
Florida,119.751,93.1363,26.6151,75.154,2.9
Florida A&M,95.2099,113.244,-18.0344,72.5852,2.8
Florida Atlantic,111.155,108.869,2.28658,71.2187,3.0
Florida Gulf Coast,108.65,111.078,-2.42767,69.803,2.6
Florida St.,113.175,100.488,12.6869,73.6532,3.2
Fordham,103.477,111.624,-8.14679,67.6531,2.4
Fresno St.,104.316,107.199,-2.88305,72.2194,2.5
Furman,104.484,107.596,-3.11194,69.5765,2.8
Gardner Webb,100.419,114.388,-13.9689,73.2687,2.0
George Mason,108.677,99.4049,9.27209,68.2602,3.3
George Washington,116.034,102.551,13.4831,73.5547,2.8
Georgetown,112.59,99.9161,12.6742,70.9488,2.9
Georgia,117.678,98.7825,18.8951,75.0398,3.6
Georgia Southern,108.99,114.996,-6.00671,74.7804,2.5
Georgia St.,98.6216,110.103,-11.4814,69.9859,2.8
Georgia Tech,106.581,97.2663,9.31455,72.7365,2.7
Gonzaga,122.051,92.0771,29.9737,73.0001,2.7
Grambling St.,100.154,109.367,-9.21292,69.9506,2.0
Grand Canyon,110.67,103.154,7.51546,71.7825,3.6
Green Bay,100.524,113.839,-13.3152,69.166,2.7
Hampton,102.59,109.814,-7.22396,68.837,3.2
Harvard,104.343,106.45,-2.10724,68.0729,2.1
Hawaii,106.093,98.0251,8.06831,71.7454,2.5
High Point,114.877,105.178,9.69878,71.4525,2.7
Hofstra,104.738,105.192,-0.453909,70.3803,2.2
Holy Cross,101.727,114.667,-12.9404,68.9569,2.1
Houston,118.917,89.5657,29.3514,66.6052,3.1
Houston Christian,99.2086,109.019,-9.81031,69.1146,2.4
Howard,101.882,113.945,-12.0629,70.1336,3.3
Idaho,106.846,112.062,-5.21608,69.5457,2.6
Idaho St.,105.369,111.882,-6.51298,65.9742,2.6
Illinois,123.786,95.8475,27.9382,73.009,3.1
Illinois Chicago,105.67,104.53,1.13992,70.7552,2.6
Illinois St.,109.118,106.907,2.21177,68.5856,3.6
Incarnate Word,106.64,109.49,-2.8505,68.9675,2.4
Indiana,119.732,98.0733,21.6583,69.6067,3.2
Indiana St.,104.835,108.481,-3.64515,74.06,3.6
Iona,106.401,109.712,-3.31108,74.2214,2.8
Iowa,117.896,99.71,18.186,66.5026,3.5
Iowa St.,119.205,92.2401,26.9648,71.67,3.7
IU Indy,103.623,116.458,-12.8353,77.3843,2.7
Jackson St.,100.033,110.056,-10.0234,72.025,2.6
Jacksonville,100.953,107.646,-6.69342,69.0399,2.9
Jacksonville St.,104.921,105.336,-0.415528,68.8862,2.4
James Madison,107.69,111.223,-3.53296,69.4415,2.8
Kansas,115.5,94.6059,20.8942,70.2013,3.9
Kansas City,100.261,113.892,-13.6309,71.4674,3.1
Kansas St.,115.673,103.121,12.5517,73.819,3.7
Kennesaw St.,109.309,109.444,-0.134319,75.0066,3.0
Kent St.,113.247,110.655,2.59168,72.0575,2.8
Kentucky,122.965,94.103,28.8623,72.5542,3.6
La Salle,105.578,110.566,-4.9879,67.8762,3.3
Lafayette,100.403,114.887,-14.4833,70.2756,2.2
Lamar,102.982,107.149,-4.16662,69.1879,3.0
Le Moyne,101.016,114.47,-13.4542,70.299,2.2
Lehigh,100.074,109.285,-9.21164,71.0178,2.1
Liberty,115.71,105.362,10.3478,67.6876,2.9
Lindenwood,96.8301,111.248,-14.4181,73.6526,2.8
Lipscomb,103.967,112.066,-8.09923,68.9285,2.2
Little Rock,103.284,108.098,-4.81365,69.0432,2.9
LIU,101.892,108.625,-6.73338,73.4337,2.2
Long Beach St.,102.108,109.181,-7.07369,69.4528,2.2
Longwood,105.59,109.757,-4.16656,72.275,2.2
Louisiana,102.278,110.274,-7.99585,66.944,2.5
Louisiana Monroe,97.0604,115.846,-18.786,72.2576,2.5
Louisiana Tech,101.997,104.019,-2.02221,68.0288,3.2
Louisville,125.82,99.5183,26.3014,74.1667,3.3
Loyola Chicago,108.643,110.865,-2.22244,68.2435,3.5
Loyola Marymount,107.496,101.535,5.96054,68.3418,2.6
Loyola MD,101.448,111.493,-10.0456,69.3162,1.8
LSU,117.208,99.5285,17.6795,71.4174,3.6
Maine,94.7109,105.388,-10.6771,68.1094,2.6
Manhattan,106.707,116.378,-9.67085,70.7285,1.7
Marist,97.5872,99.5032,-1.91599,67.799,2.3
Marquette,114.355,100.282,14.0724,73.6532,3.6
Marshall,106.993,107.571,-0.577881,73.8968,3.1
Maryland,112.446,96.7412,15.7046,70.5135,3.7
Maryland Eastern Shore,91.2863,109.117,-17.8309,66.9689,3.1
Massachusetts,103.589,106.526,-2.93662,75.4216,3.3
McNeese,110.934,103.038,7.89567,69.702,2.5
Memphis,112.147,100.656,11.4918,73.8486,3.4
Mercer,103.89,109.969,-6.07857,73.337,2.7
Mercyhurst,97.0951,110.384,-13.2894,67.9838,2.4
Merrimack,101.088,109.406,-8.31773,69.5539,1.9
Miami FL,113.238,99.4911,13.7471,72.6018,2.9
Miami OH,109.307,105.053,4.25418,72.3304,3.1
Michigan,117.509,93.2954,24.2134,72.7796,3.1
Michigan St.,115.144,95.6274,19.5165,69.383,3.1
Middle Tennessee,106.208,106.406,-0.197743,71.4639,3.7
Milwaukee,107.948,111.753,-3.80443,72.6347,3.4
Minnesota,111.051,101.839,9.21146,67.4719,2.9
Mississippi,119.193,98.5903,20.6023,68.3324,2.8
Mississippi St.,116.603,99.8611,16.7424,72.255,3.8
Mississippi Valley St.,89.5712,121.221,-31.6503,68.2177,2.5
Missouri,121.044,101.71,19.3342,71.32,3.6
Missouri St.,100.917,106.328,-5.41076,69.9261,3.2
Monmouth,102.261,108.242,-5.98101,70.5603,3.1
Montana,109.246,109.675,-0.429405,72.532,2.9
Montana St.,104.663,108.862,-4.19846,68.6007,3.0
Morehead St.,100.801,111.051,-10.2505,69.8213,2.9
Morgan St.,98.224,116.794,-18.5701,72.7994,2.8
Mount St. Mary's,99.2181,107.25,-8.03195,69.6453,2.1
Murray St.,111.073,106.856,4.21756,74.6491,2.9
N.C. State,120.296,98.6791,21.6165,71.0564,3.4
Navy,105.718,107.946,-2.22827,71.0159,1.6
Nebraska,119.262,102.154,17.1078,71.5315,3.3
Nebraska Omaha,107.77,112.759,-4.98913,70.9102,3.5
Nevada,112.244,104.878,7.36631,68.059,3.9
New Hampshire,96.2977,113.702,-17.4047,71.3641,2.4
New Haven,93.0442,111.941,-18.8973,67.7536,2.2
New Mexico,107.777,100.733,7.04306,70.3555,4.3
New Mexico St.,107.432,104.896,2.53537,68.7395,3.6
New Orleans,105.539,107.488,-1.94815,71.8719,2.4
Niagara,99.0711,111.895,-12.8239,67.1394,2.5
Nicholls,99.7945,108.374,-8.57998,69.8031,2.7
NJIT,95.5078,110.033,-14.5256,70.6722,2.3
Norfolk St.,99.3719,106.446,-7.07445,67.7763,3.3
North Alabama,104.847,111.672,-6.82508,69.6031,2.8
North Carolina,119.183,97.9379,21.2447,73.736,3.4
North Carolina A&T,97.5044,111.686,-14.1813,74.0601,3.5
North Carolina Central,99.4714,116.114,-16.6429,68.9486,3.5
North Dakota,101.926,114.262,-12.3365,71.4402,2.8
North Dakota St.,106.661,108.623,-1.96275,70.8627,2.7
North Florida,102.151,117.212,-15.0608,73.6231,2.5
North Texas,106.18,99.4496,6.7307,67.6169,3.1
Northeastern,104.442,107.415,-2.9732,70.1972,2.1
Northern Arizona,102.821,111.57,-8.74957,70.0944,2.9
Northern Colorado,107.265,109.721,-2.4561,72.5569,2.7
Northern Illinois,103.014,114.378,-11.3649,72.1026,2.2
Northern Iowa,108.398,100.551,7.84757,67.6473,3.3
Northern Kentucky,100.167,110.274,-10.1066,70.4265,2.9
Northwestern,115.697,98.94,16.7571,68.3991,2.8
Northwestern St.,102.966,113.935,-10.9693,68.1241,2.3
Notre Dame,113.74,99.6706,14.0696,67.867,2.8
Oakland,109.303,110.919,-1.616,70.1503,2.5
Ohio,106.958,109.492,-2.53443,72.3971,3.6
Ohio St.,118.933,100.482,18.4512,70.7873,3.5
Oklahoma,119.294,105.734,13.5604,70.6293,4.1
Oklahoma St.,113.287,98.6655,14.6217,75.4194,3.8
Old Dominion,105.198,110.451,-5.25252,69.2708,3.1
Oral Roberts,102.65,114.09,-11.4407,72.8662,3.2
Oregon,112.259,97.8572,14.4015,71.2218,3.3
Oregon St.,110.508,108.952,1.55588,67.4914,3.3
Pacific,107.763,108.221,-0.457991,70.7696,2.5
Penn,105.761,113.648,-7.88714,74.0627,2.3
Penn St.,113.068,102.849,10.2193,69.5009,3.4
Pepperdine,103.143,109.181,-6.03806,70.6208,2.1
Pittsburgh,111.263,98.9768,12.2858,68.0552,3.1
Portland,100.858,111.427,-10.5692,72.3385,1.8
Portland St.,106.401,107.512,-1.11105,73.1803,2.9
Prairie View A&M,97.5099,111.407,-13.8967,74.1757,2.4
Presbyterian,99.5652,109.943,-10.378,65.8291,2.3
Princeton,102.835,108.154,-5.31927,70.7141,2.1
Providence,115.951,103.923,12.0278,74.4483,3.2
Purdue,128.029,99.417,28.6116,67.7912,3.5
Purdue Fort Wayne,102.519,110.201,-7.68207,72.9634,2.8
Queens,107.126,109.933,-2.8069,71.348,2.8
Quinnipiac,101.856,107.447,-5.59167,73.378,2.3
Radford,105.324,111.085,-5.7615,72.2832,2.3
Rhode Island,108.934,104.526,4.40848,70.2966,2.7
Rice,106.585,109.822,-3.23722,68.4474,2.4
Richmond,110.252,106.103,4.14868,70.0844,2.8
Rider,99.5615,112.69,-13.1281,68.4707,2.0
Robert Morris,105.225,109.798,-4.57284,70.5976,2.8
Rutgers,110.349,101.339,9.00956,69.9232,3.9
Sacramento St.,102.455,110.967,-8.5117,71.7736,2.5
Sacred Heart,104.202,114.195,-9.99298,71.3375,2.3
Saint Francis,96.3491,114.384,-18.0347,71.859,2.4
Saint Joseph's,104.418,105.058,-0.640756,71.5658,3.1
Saint Louis,113.489,99.4155,14.0737,74.7342,4.0
Saint Mary's,116.811,95.6957,21.1152,66.9492,2.7
Saint Peter's,100.259,110.827,-10.5678,67.2642,2.6
Sam Houston St.,107.879,109.85,-1.97092,71.5409,2.9
Samford,109.096,111.824,-2.72712,69.066,2.9
San Diego,106.47,110.293,-3.82291,71.4554,2.1
San Diego St.,113.811,93.5872,20.2242,69.461,3.6
San Francisco,111.299,101.362,9.93707,70.1527,2.6
San Jose St.,107.789,110.034,-2.24471,68.2803,3.0
Santa Clara,116.871,103.925,12.9454,71.4314,2.4
Seattle,107.013,103.159,3.85364,71.0725,2.9
Seton Hall,107.772,98.6874,9.08435,67.5089,3.1
Siena,104.647,106.631,-1.98413,68.673,2.7
SIUE,100.199,103.163,-2.96441,68.5604,2.8
SMU,117.445,102.15,15.2953,72.1511,3.2
South Alabama,103.816,107.682,-3.86607,67.2464,2.5
South Carolina,111.957,104.159,7.79759,69.0201,3.3
South Carolina St.,94.827,112.662,-17.8349,73.1874,3.0
South Dakota,104.447,113.112,-8.66546,74.4029,3.0
South Dakota St.,107.049,108.207,-1.15796,70.3097,3.5
South Florida,114.584,103.702,10.8827,74.5888,2.7
Southeast Missouri,101.19,107.957,-6.7677,73.8471,3.2
Southeastern Louisiana,99.1774,105.527,-6.35009,69.7206,2.2
Southern,104.001,106.907,-2.90591,73.3291,3.2
Southern Illinois,109.089,106.857,2.23191,73.5717,3.0
Southern Indiana,98.4858,110.385,-11.8991,73.474,2.8
Southern Miss,104.372,111.62,-7.24804,70.6265,2.9
Southern Utah,101.475,113.197,-11.7219,72.7708,2.9
St. Bonaventure,111.278,106.836,4.44189,67.936,3.9
St. John's,118.893,96.2646,22.6283,75.1038,3.3
St. Thomas,107.613,109.198,-1.58516,70.2898,3.3
Stanford,109.783,100.396,9.38723,72.4298,3.3
Stephen F. Austin,105.759,104.456,1.30282,70.017,3.2
Stetson,97.4301,115.518,-18.0879,71.9913,2.2
Stonehill,95.7672,110.208,-14.4409,70.0364,2.3
Stony Brook,105.846,112.17,-6.32414,68.9338,2.5
Syracuse,115.199,99.1484,16.051,71.0248,3.2
Tarleton St.,104.076,109.903,-5.82647,70.3092,3.2
TCU,110.013,100.095,9.91772,70.6025,4.5
Temple,111.026,107.37,3.65547,70.3455,2.9
Tennessee,117.729,93.1326,24.5965,69.5855,3.6
Tennessee Martin,101.584,107.327,-5.74265,72.1731,2.6
Tennessee St.,103.334,109.554,-6.22027,73.3845,3.5
Tennessee Tech,96.636,110.628,-13.9924,70.3719,2.8
Texas,114.361,97.0622,17.2993,69.3074,3.6
Texas A&M,113.826,100.552,13.2732,72.9169,3.0
Texas A&M Corpus Chris,100.312,107.624,-7.31263,70.7286,2.7
Texas Southern,99.8569,112.284,-12.4266,72.3085,2.5
Texas St.,102.289,107.415,-5.12532,68.9416,2.4
Texas Tech,121.431,97.5308,23.9,68.5633,4.2
The Citadel,102.085,119.599,-17.5141,70.0783,2.6
Toledo,111.632,114.611,-2.97838,70.1355,2.3
Towson,103.491,100.893,2.59866,66.8398,2.6
Troy,107.066,105.417,1.64895,70.8354,2.8
Tulane,110.091,109.545,0.545771,68.726,2.7
Tulsa,112.364,107.068,5.29643,70.2145,3.6
UAB,110.656,104.471,6.18565,74.7515,3.5
UC Davis,100.2,106.203,-6.00284,70.0036,1.7
UC Irvine,102.399,100.403,1.99559,73.0336,2.1
UC Riverside,101.641,110.523,-8.88215,70.4998,2.3
UC San Diego,108.268,105.73,2.53755,70.4591,1.9
UC Santa Barbara,112.423,109.701,2.72191,69.0571,2.2
UCF,116.099,104.11,11.9893,72.8335,3.5
UCLA,116.322,96.7684,19.5531,66.6654,3.3
UMass Lowell,102.427,117.296,-14.8694,71.9788,2.3
UMBC,103.814,113.044,-9.22969,71.3253,1.8
UNC Asheville,103.773,109.739,-5.96642,70.6866,2.9
UNC Greensboro,101.432,111.233,-9.80071,70.0409,2.3
UNC Wilmington,110.601,108.14,2.46062,68.2316,3.0
UNLV,113.378,106.801,6.57709,73.5182,3.1
USC,119.216,96.6037,22.6124,73.9785,3.3
USC Upstate,99.9891,112.446,-12.4572,71.6058,2.4
UT Arlington,102.789,104.237,-1.44775,71.3979,2.5
UT Rio Grande Valley,106.543,109.025,-2.4825,73.6888,2.5
Utah,111.532,104.534,6.99741,72.1365,4.5
Utah St.,117.068,100.368,16.7005,70.7922,4.1
Utah Tech,101.381,109.324,-7.9431,68.5209,2.9
Utah Valley,107.781,105.036,2.74542,71.7572,3.6
UTEP,100.715,104.731,-4.01633,70.0973,3.6
UTSA,105.958,110.775,-4.81776,71.93,2.9
Valparaiso,101.966,109.327,-7.36103,69.2844,2.8
Vanderbilt,123.374,98.9989,24.3747,72.6241,3.0
VCU,112.288,98.1564,14.132,74.4223,2.9
Vermont,107.535,109.16,-1.6253,67.8958,2.4
Villanova,117.196,100.209,16.9876,68.7935,3.7
Virginia,118.719,101.042,17.6769,68.5721,3.4
Virginia Tech,116.775,102.481,14.2941,71.8407,3.4
VMI,101.47,110.032,-8.56134,72.3335,2.4
Wagner,96.0457,110.543,-14.4969,67.6462,2.0
Wake Forest,113.506,98.4925,15.0136,73.907,4.2
Washington,116.742,100.397,16.3445,69.5639,3.0
Washington St.,108.931,110.666,-1.73511,70.642,3.3
Weber St.,103.322,109.649,-6.3269,71.4357,3.2
West Georgia,101.803,113.711,-11.9075,71.0275,2.6
West Virginia,111.102,97.2461,13.8559,66.2446,4.5
Western Carolina,100.844,106.69,-5.84624,73.4201,2.9
Western Illinois,100.415,115.142,-14.7273,66.3145,2.9
Western Kentucky,107.188,106.815,0.373232,74.3516,3.7
Western Michigan,102.883,110.942,-8.05844,72.4707,2.7
Wichita St.,112.952,105.301,7.65078,70.8197,2.9
William & Mary,106.653,111.168,-4.51475,75.6432,3.0
Winthrop,109.77,107.304,2.46692,74.5273,2.6
Wisconsin,122.327,98.4568,23.8698,70.1024,2.8
Wofford,105.715,111.136,-5.42047,70.0955,2.3
Wright St.,105.475,106.378,-0.903335,69.0033,3.0
Wyoming,106.778,104.189,2.58835,71.4083,3.5
Xavier,108.207,103.113,5.09342,72.214,3.4
Yale,116.819,104.243,12.5757,70.2153,2.3
Youngstown St.,108.971,107.939,1.03137,71.3978,2.9
