"Season","TeamName","Size","SizeRank","Hgt5","Hgt5Rank","Hgt4","Hgt4Rank","Hgt3","Hgt3Rank","Hgt2","Hgt2Rank","Hgt1","Hgt1Rank","HgtEff","HgtEffRank","Exp","ExpRank","Bench","BenchRank","Pts5","Pts5Rank","Pts4","Pts4Rank","Pts3","Pts3Rank","Pts2","Pts2Rank","Pts1","Pts1Rank","OR5","OR5Rank","OR4","OR4Rank","OR3","OR3Rank","OR2","OR2Rank","OR1","OR1Rank","DR5","DR5Rank","DR4","DR4Rank","DR3","DR3Rank","DR2","DR2Rank","DR1","DR1Rank","Continuity","RankContinuity"
"2026","Abilene Christian",76.36,325,-0.79,265,-2.09,356,-2.2,359,-0.99,297,0.8,108,-1.44,344,1.31273,223,28.72,266,19.83,138,25.43,45,30.3,9,12.15,354,11.51,353,19.22,335,35.75,64,7.71,338,15.2,108,21.64,20,25.35,174,24.79,144,16.59,261,17.79,132,14.84,169,36.6842329502106,87
"2026","Air Force",78.46,40,1.53,39,0.74,77,0.39,128,0.65,100,2.01,22,1.13,46,0.531894,352,27.8,291,16.56,237,25.25,48,18.82,211,15.52,309,23.85,105,18.18,340,25.27,202,22.9,84,21.22,40,12.44,92,18.86,307,18.61,291,25.95,41,17.61,137,18.96,64,26.9223064184189,153
"2026","Akron",76.07,348,-1.14,303,-1.37,329,-0.97,305,-2.01,352,-1.2,296,-1.26,328,1.58759,140,32.69,183,21.48,96,16.91,269,16.58,267,17.35,270,27.03,44,23.99,291,28.58,159,25.86,58,5.02,314,15.67,54,32.02,58,28.14,80,15.35,287,15.13,217,8.62,331,52.1833121776581,15
"2026","Alabama",78.43,42,1.46,41,1.4,34,0.93,74,0.74,90,0.62,126,1.43,29,1.98965,65,36.46,96,17.93,191,17.5,249,14.99,298,26.18,53,23.25,116,33.48,188,23.58,237,28.4,37,14,130,0,338,19.87,294,25.34,129,24.31,65,16.87,159,13.07,220,30.3705930709839,130
"2026","Alabama A&M",77.64,140,-0.29,208,0.07,168,1.63,21,-0.27,213,0.03,182,-0.11,199,1.4088,192,30.38,228,17.7,201,18.45,217,12.57,339,22.44,127,28.64,25,34.44,170,29.2,151,21.21,112,5.46,306,9.69,147,19.71,295,13.55,352,34.07,3,17.15,150,15.38,151,5.00330217182636,315
"2026","Alabama St.",76.67,295,-0.92,284,-1.24,317,-0.94,300,-1.31,327,0.8,108,-1.08,312,1.14304,262,35.83,103,18.82,164,14.85,315,14.91,302,26.47,52,24.95,74,24.63,282,56.38,3,15.96,207,2.1,350,0.93,331,29.47,94,19.47,275,23.45,77,15.26,213,12.35,250,10.179628431797,280
"2026","Albany",77.05,241,0.1,166,0.76,74,0.17,165,-0.68,267,-2.06,342,0.43,118,0.656437,346,27.18,304,15.68,253,15.44,306,25.77,49,15.43,311,27.68,38,37.54,118,15.15,325,26.1,56,10.68,194,10.53,128,18.81,311,14.37,346,30.78,8,26.5,15,9.55,313,12.6754924654961,256
"2026","Alcorn St.",76.88,269,-1.18,309,-0.37,223,0.63,96,-0.66,263,-1.03,282,-0.78,275,0.856627,317,37.17,85,20.34,127,14.6,319,14.89,303,32.2,8,17.62,264,28.34,255,24.5,224,18.82,153,3.1,341,25,11,25.38,171,40.29,6,11.02,342,10.22,327,12.62,238,17.8442761301994,217
"2026","American",77.36,184,-1.57,329,-0.47,250,0.26,152,0.67,98,0.89,101,-1.02,303,1.35726,206,33.67,162,23.3,58,13.37,334,27.05,33,13.08,344,22.77,130,19.91,329,23.84,234,26.39,51,22.16,31,7.19,195,37.35,12,19.03,281,20.55,151,12.17,295,10.28,300,40.0759994983673,58
"2026","Appalachian St.",76.51,316,-0.62,244,-0.75,281,-0.96,304,-1.48,336,-0.65,241,-0.68,269,1.97508,67,33.29,170,15.88,250,16.18,287,27.91,24,19.68,202,20.27,186,35.33,158,32.09,110,16.37,196,4.76,315,11.18,114,25.65,166,25.87,119,10.83,345,12.99,276,24.55,13,22.4347025156021,187
"2026","Arizona",79.05,9,2.1,21,0.63,92,1.76,15,1.67,23,2.08,19,1.37,32,1.61234,132,31.42,216,17.13,221,24,65,15.64,284,19.81,200,23.13,120,30.63,225,46.8,12,13.61,237,3.18,338,5.31,241,18.84,309,35.19,17,21.68,120,11.05,317,12.97,222,34.4689309597015,102
"2026","Arizona St.",79.06,8,2.9,11,3.44,1,1.07,54,-0.07,188,0.96,92,3.17,1,1.60115,135,30.82,223,23.31,57,15.02,312,17.08,256,20.4,187,24.19,92,19.49,333,41.88,25,17.14,186,13.62,137,7.87,181,24.79,194,21.53,223,20.33,158,16.69,168,16.66,117,2.08445973694324,331
"2026","Arkansas",78.23,62,0.41,124,0.49,120,0.26,150,1,68,2,25,0.45,112,1.53731,154,29.29,252,20.74,117,15.87,295,18.23,224,19.29,215,25.67,61,25.34,278,26.85,175,27.12,44,10.6,197,9.76,145,24.86,192,28.55,69,18.82,198,16.68,169,10.8,282,40.8309280872345,54
"2026","Arkansas Pine Bluff",77.19,215,-1.32,316,-0.34,219,0.01,181,1.56,27,-0.95,269,-0.83,282,0.966031,293,19.69,360,22.85,70,17.1,263,24.88,61,19.45,207,15.73,309,35.44,154,9.61,357,29.15,32,12.17,161,13.64,76,28.59,108,16.24,332,26.9,28,19.09,98,9.18,320,6.40332996845245,302
"2026","Arkansas St.",78.46,38,3.02,9,0.58,111,0.22,158,1.31,55,0.09,176,1.8,19,1.46232,174,29.81,242,10.73,341,15.62,300,15.72,282,30.08,19,27.27,41,23.36,298,22.4,254,15.32,217,26.51,15,11.63,102,24.52,201,24.2,156,19.8,172,16.14,184,14.65,172,0,343
"2026","Army",76.04,349,-0.9,277,-1.38,338,-1.6,342,-1.91,349,-1.03,281,-1.14,320,0.888916,308,33.91,155,14.92,275,16.24,283,21.2,142,32.24,7,15.32,316,25.53,277,24.98,211,18.57,159,20.96,42,9.77,144,23.67,219,15.67,337,16.01,272,24.72,26,19.72,52,30.3277552127838,132
"2026","Auburn",78.28,57,-0.14,193,0.63,92,1.9,8,1.94,16,0.03,183,0.25,147,1.33298,216,29.02,261,17.22,218,17.95,233,24.83,62,22.47,126,17.06,280,33.14,194,16.86,307,21.5,100,17.34,76,10.71,123,27.98,118,20.29,255,24.73,60,18.71,113,7.67,343,11.7348477244377,267
"2026","Austin Peay",77.26,200,-0.89,275,0.63,92,1.01,65,-1.21,314,-0.26,219,-0.13,201,0.890106,307,40.31,34,12.77,319,29.42,9,20.11,173,6.85,365,30.52,14,27.25,265,14.71,328,20.24,134,13.99,131,23.51,16,25.2,180,30.69,43,23.45,78,10.78,322,9.1,323,36.679419875145,88
"2026","Ball St.",76.08,347,-2.3,359,-0.9,293,-1.62,344,-1.08,301,-0.65,242,-1.6,350,1.98114,66,29.83,241,18.46,179,13.77,330,21.71,130,24.48,79,21.58,156,33.7,186,33.49,95,7.81,337,15.84,97,9.16,159,19.16,305,20.88,238,19.64,178,27.92,6,12.39,248,5.05097024142742,314
"2026","Baylor",77.05,242,-1.12,301,-1.05,305,-0.37,228,0.43,135,0.34,149,-1.08,314,1.99434,64,23.91,339,12.71,320,17.8,237,28.64,15,23.05,111,17.29,275,44.65,49,32.45,104,18.32,163,2.6,347,1.24,328,21.98,249,21.45,225,23.13,85,16.51,175,16.33,125,0,343
"2026","Bellarmine",77.47,168,-1.8,345,-0.37,223,0.84,77,0.79,84,0.88,102,-1.08,313,0.83807,322,36.68,93,19.26,148,35.07,3,22.79,101,13.59,337,8.54,364,13,358,34.55,83,29.82,27,17.25,77,4.76,256,17.38,338,25.46,126,20.69,148,16.03,187,19.86,50,39.8871243000031,60
"2026","Belmont",77.79,123,-0.59,228,1.39,38,-0.32,221,0.14,161,1.34,64,0.4,123,1.10794,267,33.78,160,23.36,55,23.37,79,22,123,18.7,237,12.47,348,36.19,146,11.59,350,16.1,203,25.17,19,10.74,121,22.22,246,29.11,64,8.37,361,17.15,151,23.02,19,42.1592950820923,47
"2026","Bethune Cookman",77.38,180,-1.83,346,-1.09,308,0.05,177,0.56,109,2.23,15,-1.46,345,1.82803,93,33.01,176,18.94,157,18.29,227,22.58,106,17.02,278,23.06,123,40.07,89,31.2,123,12.57,256,9.92,216,5.92,230,22.24,245,9.77,364,24.45,63,23.18,40,20.3,43,26.5849888324738,158
"2026","Binghamton",76.96,254,-0.59,228,0.23,143,-0.05,186,0.13,162,-1.9,335,-0.18,210,1.16437,255,27.25,302,26.48,20,13.84,329,11.71,345,22.4,130,25.57,64,41.56,74,31.53,117,8.8,322,11.44,179,6.67,208,32.14,56,23.7,174,16.25,270,11.57,311,16.34,124,13.5214030742645,253
"2026","Boise St.",78.88,16,0.87,76,0.16,158,1.63,21,2.91,2,1.8,28,0.52,103,1.77555,105,31.23,218,26.21,24,13.08,338,18.31,222,25.58,63,16.58,291,23.29,299,35.37,70,36.01,12,5.16,312,0,338,25.05,183,21.8,220,24.76,59,15.32,211,12.86,228,40.8162862062454,55
"2026","Boston College",77.88,106,0.59,105,1.23,47,-0.08,188,0.87,76,-0.2,201,0.91,67,1.57292,143,26.84,310,23.38,53,12.43,345,22.17,119,22.49,124,19.38,213,35.22,161,32.69,102,13.43,240,10.14,213,8.33,173,17.85,328,30.27,45,25.01,53,16.52,173,10.26,302,35.9608560800552,93
"2026","Boston University",77.35,187,1.6,35,-1.08,307,-0.65,268,0.05,177,-0.18,200,0.26,144,1.2437,236,26.23,318,22.29,79,25.86,40,25.05,56,14.65,327,11.82,351,57.07,8,34.05,92,3.73,359,3.02,342,1.82,321,25.15,181,15.35,341,21,140,23.49,35,14.75,170,47.2559988498688,26
"2026","Bowling Green",77.91,100,-0.15,195,0.75,76,0.98,68,0.38,141,0.58,130,0.3,138,1.51254,160,27.24,303,15.61,257,22.69,94,11.7,346,25.95,55,23.91,102,27.63,260,13.44,336,10.56,298,22.22,29,25.93,9,17.62,335,24.04,159,21.52,127,19.55,86,17.17,105,17.7348375320435,218
"2026","Bradley",77.52,157,2.52,16,1.14,55,0.4,126,-0.75,276,-2.72,353,1.83,17,1.80066,100,31.5,213,14.78,282,14.97,313,22.3,113,22.96,113,24.88,76,17.65,342,28.52,160,22.39,90,14.43,121,16.87,43,28.89,103,17.45,306,19.92,169,14.71,236,18.81,71,27.5493234395981,150
"2026","Brown",76.94,258,-0.08,188,-0.64,272,-0.57,260,-0.29,216,-0.68,246,-0.36,229,0.522388,353,33.41,169,18.17,184,21.74,126,23.42,91,15.17,315,21.49,158,16.66,347,26.15,187,21.84,96,13.8,134,21.55,21,23.32,229,28.49,72,14.51,305,16.26,180,17.42,97,26.6889452934265,156
"2026","Bryant",79.64,1,1.03,66,1.51,30,2.63,1,4.08,1,1.94,27,1.27,37,0.335228,360,33.55,165,12.42,324,24.67,54,18.65,217,24.27,84,19.67,204,16.38,349,13.58,334,24.95,65,26.73,14,17.98,34,20.9,278,18.74,289,20,168,26.35,19,13.52,199,3.36006730794907,321
"2026","Bucknell",77.2,213,1.14,60,1.39,37,-1.02,308,0.24,153,-2.74,354,1.27,36,1.47711,171,27.31,301,24.5,37,21.62,131,13.2,332,20.58,184,19.95,196,44.47,52,36.98,53,8.09,334,8.05,253,2.29,316,20.31,287,18.89,284,17.44,243,25.72,21,17.54,92,47.5104600191116,24
"2026","Buffalo",76.71,292,0.77,83,-0.08,193,-1.99,356,-0.68,268,-1.48,316,0.34,129,1.42133,187,29.26,254,13.87,303,11.7,350,20.54,161,30.43,17,22.94,126,9.89,362,45.89,15,14.29,228,12.04,165,17.29,39,25.53,167,32.86,26,14.65,300,9.79,331,16.65,118,37.4772429466248,81
"2026","Butler",77.88,107,1.11,63,-0.25,208,-0.03,184,0.56,109,0.98,89,0.43,116,1.9973,63,42.88,16,18.55,174,21.93,120,19.41,195,21.45,160,18.35,246,32.27,208,29.39,148,12.97,249,6.08,291,18.77,29,16.81,345,37.31,14,21.13,134,11.08,316,13.33,213,15.1515156030655,245
"2026","BYU",78.23,61,0.05,171,1.3,43,1.23,45,1.22,58,0.35,148,0.68,88,1.87885,84,34.47,140,8.32,357,26.07,36,13.73,328,27.07,44,24.68,81,28.39,254,27.87,165,10.29,306,16.82,85,16.22,49,24.86,193,29.71,50,11.53,340,20.97,64,12.7,233,35.6349676847458,96
"2026","Cal Baptist",76.59,306,1.81,29,0.03,177,-1.54,338,-1.3,325,-3.03,360,0.92,66,1.62653,127,28.57,271,16.59,236,18.78,205,14.25,320,22.12,141,28.25,29,40.45,85,27.44,169,13.25,245,18.86,61,0,338,25.78,161,34.3,22,14.65,301,13.81,257,11.46,265,31.3418507575989,122
"2026","Cal Poly",77.84,114,-1.16,305,-0.64,271,0.63,97,0.57,108,2.8,6,-0.9,288,0.574801,349,38.83,48,18.87,160,19.75,177,21.87,127,21.05,171,18.36,245,33.95,180,26.46,180,16.64,192,5.52,304,17.1,40,26.02,155,15.33,342,20.16,160,19.94,80,18.32,79,30.4146081209183,129
"2026","Cal St. Bakersfield",77.52,155,-0.36,213,-0.36,220,0.22,160,0.43,137,0.68,123,-0.36,228,2.0236,58,29.86,240,17.53,206,16.28,282,27.48,27,12.84,347,25.6,62,28.68,249,24.51,223,12.77,252,21.7,33,12.08,94,37.2,13,18.88,285,11.76,336,9.45,339,22.33,29,27.9124647378922,145
"2026","Cal St. Fullerton",75.93,353,-0.69,255,-1.92,354,-2.09,358,-1.59,339,-1.05,285,-1.3,333,1.14171,263,39.33,42,23.83,45,26.71,29,19.09,205,21.54,157,8.82,362,20.71,324,40.28,33,16.51,195,19.91,49,2.59,311,19.01,306,23.71,173,13.71,319,22.02,52,21.54,33,9.01045203208923,288
"2026","California",77.82,121,0.22,154,0.3,134,1.02,62,-0.08,189,0.61,128,0.26,143,2.25046,32,27.04,307,17.01,225,17.29,255,19.68,190,18.35,244,27.42,40,50.68,19,21.27,266,13.48,239,8.1,252,5.88,231,22.42,241,20.94,236,15,293,24.37,31,17.03,107,13.8406991958618,250
"2026","Campbell",76.66,297,-0.82,268,-1.28,324,-0.43,247,-0.23,208,-0.91,266,-1.05,307,2.35956,25,25.55,326,23.27,59,18.74,206,9.5,361,17.45,265,31.05,12,36.3,145,45.25,17,7.35,342,0,359,11.11,115,24.31,210,29.58,54,17.79,230,8.9,343,19.42,56,24.6171727776527,168
"2026","Canisius",77.24,204,-0.09,189,0.26,141,-0.95,303,-0.03,185,-0.02,190,0.09,163,1.25206,235,34.82,128,22.88,67,16.63,274,24.75,65,16.71,287,18.75,236,30.1,232,23.32,239,20.63,124,15.05,113,10.62,126,24.19,213,24.09,157,19.03,192,21.87,53,10.55,295,7.7423095703125,298
"2026","Central Arkansas",76.84,277,-0.86,270,-1.2,313,-0.52,253,-0.19,201,-0.03,191,-1.03,306,1.00718,284,41.72,22,7.85,360,21.95,118,18.03,226,33.17,5,18.95,229,21.45,317,35.46,68,23.77,75,15.34,104,3.89,284,24.72,197,18.02,297,16.39,266,19.21,93,21.46,34,11.3880433142185,271
"2026","Central Connecticut",77.47,165,-1.07,297,-0.37,223,0.26,149,-0.25,210,1.8,28,-0.72,272,0.860998,316,34.69,134,16.31,241,31.64,5,13.18,334,22.28,136,16.43,298,27.58,263,29.72,145,34.8,15,7.69,258,0,338,30.08,82,16.88,316,19.68,177,12.86,282,20.25,45,16.4117023348808,231
"2026","Central Michigan",77.48,164,1.69,33,-1.03,303,-0.37,228,0.02,181,0.09,175,0.33,131,0.431919,358,38.04,66,22.35,78,21.76,124,17.22,254,20.98,174,17.52,267,34.34,174,25.2,206,8.61,324,14.15,129,17.46,37,32.53,50,20.64,246,22.39,108,11.83,301,12.4,247,0,343
"2026","Charleston",78.15,68,2.7,12,-1.37,329,0.26,150,0.31,147,1.8,28,0.67,90,1.04668,278,34.01,152,23.9,43,25.81,41,13.18,333,15.02,319,21.98,146,45.8,43,17.05,305,16.24,200,10.95,191,9.62,151,24.42,204,23.78,168,18.75,202,11.75,305,21.04,36,2.32310872524977,330
"2026","Charleston Southern",77.32,191,0.65,96,0.02,180,-0.41,244,0.14,160,-0.82,254,0.33,130,0.900066,304,35.09,122,17.41,211,17.76,240,38.82,1,15.45,310,10.27,357,37.54,119,27.84,166,14.86,222,19.35,55,0,338,21.36,267,25.67,124,25.28,50,21.13,59,6.17,354,14.6470710635185,247
"2026","Charlotte",78.38,44,3.2,7,0.05,174,-0.91,296,0.56,109,1.97,26,1.63,23,1.39198,198,32.78,180,20.76,115,14.91,314,26.95,37,16.3,297,20.74,175,46.2,39,14.22,331,11.92,271,12.79,149,14.4,67,35.1,24,19.53,274,12.5,330,16.36,179,16.18,132,13.4943664073944,254
"2026","Chattanooga",76.64,299,0.36,139,0.17,157,-1.14,315,-2.05,354,-1.2,296,0.27,139,1.42249,185,43,15,21.15,107,12.82,343,20.33,166,23.93,93,21.36,161,64.41,2,16.7,309,9.09,318,9.09,239,0,338,18.53,315,13.86,350,24.5,62,29.16,3,13.33,212,21.1169570684433,195
"2026","Chicago St.",75.46,362,-2.32,360,-1.55,344,-0.7,275,-1.59,338,-3.56,365,-1.94,361,1.5162,158,36.34,97,23.48,51,22.27,104,22.28,116,13.27,340,18.12,252,38.8,100,34.99,77,21.38,108,0,359,4.17,274,21.83,253,20.05,265,23,87,15.68,198,18.84,69,6.71650767326355,301
"2026","Cincinnati",78.75,21,3.36,5,2.34,8,1.34,38,-0.16,199,-0.15,199,2.85,3,2.22947,33,32.62,185,24.03,41,18.59,210,19.71,189,14.79,323,22.57,137,33.07,195,35.24,73,9.63,315,5.57,302,16.22,49,32.54,49,29.05,65,14.26,311,13.43,265,10.45,296,12.1540099382401,261
"2026","Clemson",78.25,59,0.41,124,2.06,13,0.79,86,0.08,170,0.93,97,1.23,40,2.0368,55,43.84,12,23.54,49,18.79,203,17.37,248,22.49,125,17.81,260,30.1,233,24.1,231,20.29,133,10.58,198,14.93,59,27.96,119,15.17,343,21.12,135,22.87,44,12.88,226,9.73731726408005,284
"2026","Cleveland St.",76.33,328,-2.35,361,-0.49,256,0.05,176,0.03,180,-2.63,351,-1.42,341,0.956711,295,31.58,211,17.69,202,28.22,11,12.21,342,18.11,248,23.38,110,30.97,219,29.96,138,19.27,147,7.45,265,11.49,106,31.54,64,30.77,40,15.05,292,15.45,206,6.56,350,0,343
"2026","Coastal Carolina",77.63,141,0.62,97,0.04,176,0.19,162,-0.21,205,0.53,134,0.33,132,1.44918,177,27.97,285,9.66,350,16.9,270,22.37,111,32.49,6,18.58,240,48.07,32,32.89,100,7.47,341,2.11,349,9.47,154,24.41,205,20.57,248,20.94,141,14.74,233,19.33,58,15.5462607741356,241
"2026","Colgate",77.46,169,-0.28,207,0.07,170,-0.53,255,-0.2,203,1.23,68,-0.11,197,1.25646,233,31.59,208,25.71,27,23.73,70,7.82,365,19.44,208,23.18,117,47.77,34,25.62,195,8.64,323,7.12,271,10.26,132,25.5,170,17,315,11.43,341,23.4,37,22.46,27,42.3539996147156,46
"2026","Colorado",78.56,31,1.97,24,2.84,2,1.13,51,0.07,175,-0.2,201,2.4,6,1.11262,266,34.62,136,20.64,120,20.74,146,19.1,203,19.23,219,20.16,189,18.22,339,33.61,94,18.06,166,25.83,16,4.1,279,34.42,28,24.02,160,21.04,138,11.93,298,8.3,337,31.5834760665894,121
"2026","Colorado St.",77.7,133,0.55,112,0.96,65,-0.16,202,-0.36,221,0.53,135,0.75,83,1.92537,75,33.97,153,20.3,129,24.51,60,15.49,286,15.33,313,23.93,100,29.89,236,40.48,31,10.43,302,14.18,128,4.48,266,35.75,23,21.43,226,18.48,209,15.39,208,8.43,335,8.387690782547,296
"2026","Columbia",77.97,90,0.41,124,1.19,50,1.03,61,-0.06,187,0.25,157,0.8,79,1.88473,83,39.39,41,20.39,124,13.7,332,16.85,261,21.3,166,27.19,43,16.11,352,45.84,16,19.61,142,11.22,185,6.67,208,23.48,222,25.17,136,19.62,180,13.9,254,17.14,106,54.3782472610474,10
"2026","Connecticut",78.36,45,1.56,37,0.46,122,1.55,32,0.56,109,0.73,120,1.01,59,2.55286,12,34.21,147,24.17,40,23.22,82,13.04,335,23.12,110,16.44,297,30.45,228,33.41,97,10.65,295,11.69,174,13.81,73,33.16,38,12.8,356,17.12,251,21.57,55,15.34,154,52.5542199611664,14
"2026","Coppin St.",77.45,171,-0.25,204,-0.22,204,-0.34,224,0.56,109,0.52,136,-0.23,216,0.562067,350,45.13,6,23.36,54,27.25,21,21.39,137,14.17,332,13.82,339,34.42,171,34.76,80,14.16,230,9.36,232,7.31,192,25.5,169,31.08,35,18.1,220,14.73,234,10.58,291,13.593515753746,252
"2026","Cornell",75.67,361,-3.12,365,-2.37,361,-1.36,328,-0.61,255,-1.18,294,-2.75,365,1.21399,245,38.53,55,13.46,309,12.06,348,24.55,68,18.24,246,31.23,9,13.68,356,28.41,162,17.41,177,28.16,11,11.57,104,31.06,72,26.79,96,8.58,359,15.1,220,17.59,90,39.135479927063,68
"2026","Creighton",78.76,20,0.41,124,1.86,16,1.29,39,1.77,20,1.46,54,1.14,44,1.87447,85,38.77,49,23.23,60,24.55,59,19.78,183,14.53,329,17.43,272,30.64,224,35.04,74,12.39,259,16.64,86,4.89,254,25.05,184,19.23,280,26.63,29,12.97,278,15.55,149,32.2216212749481,116
"2026","CSUN",77.21,208,-1.13,302,-1.37,329,0.17,166,0.05,179,1.36,62,-1.25,327,1.78356,104,28.37,274,16.21,243,16.12,288,25.1,55,24.14,86,17.93,257,38.27,106,35.89,62,21.5,101,2.43,348,1.56,325,21.93,252,20.23,256,28.7,16,13.44,264,15.35,153,23.9052519202232,176
"2026","Dartmouth",77.3,193,-1.59,331,0.03,178,0.37,131,1.48,44,-0.79,252,-0.78,276,1.72228,112,29.1,259,15.63,256,20.03,172,19.71,188,29.03,26,15.19,320,22.51,307,32.17,108,22.85,85,16.55,91,5,252,20.15,288,41.95,3,17.66,236,9.29,340,10.26,301,49.8279988765717,21
"2026","Davidson",77.6,144,0.42,123,-0.61,268,-0.13,195,0.18,156,1.14,74,-0.1,194,1.40187,195,44.07,8,8.35,356,20.25,160,19.9,181,26.98,47,24.01,98,44.07,57,4.71,364,21.43,106,6.12,290,22.45,19,29.92,85,17.22,310,20.02,164,15.93,194,15.97,138,24.0691065788269,175
"2026","Dayton",77.47,167,2.38,18,-0.8,283,0.37,133,0.89,73,-2.51,348,0.79,80,2.44296,18,25.57,324,23.69,46,15.4,308,14.69,310,20.1,193,25.94,54,34.59,168,22.88,244,15.21,219,17.96,67,9.11,160,30.45,77,13.25,354,21.52,125,21.02,63,13.52,200,31.5878927707672,120
"2026","Delaware",78.14,70,-0.6,241,0.63,92,0.32,139,0.56,109,2.8,6,0.01,174,0.979406,291,22.14,353,17.46,208,17.25,258,16.02,275,23.59,102,25.35,67,33.59,187,36.69,56,23.91,73,5.37,307,0.18,337,17.45,337,20.7,245,15.77,277,18.37,119,27.05,7,14.4453570246696,248
"2026","Delaware St.",76.27,331,-1.04,293,-0.3,213,-1.74,349,-0.63,258,-1.96,336,-0.67,266,1.22856,240,34.94,124,14.89,276,24.81,52,20.31,167,11.05,362,28.49,28,28.82,247,25.32,199,13.64,236,22.73,28,9.09,161,25,188,24.92,141,23.23,82,15.75,196,10.37,299,15.767377614975,238
"2026","Denver",77.54,153,-1.77,342,-0.37,223,1.29,40,1.6,26,-0.01,186,-1.07,310,0.674167,345,23.12,348,9.35,352,17.94,234,28.17,21,18.74,234,25.79,57,33.84,182,12.67,342,27.5,40,22.87,26,3.12,299,17.01,343,32.2,30,16.55,263,21.06,60,13.19,216,3.50182093679905,319
"2026","DePaul",77.9,101,0.3,147,0.57,112,1.12,52,-0.44,226,0.95,95,0.43,115,1.64095,124,36.09,101,14.94,274,24.91,51,26.99,36,13.58,338,19.26,215,35.95,149,30.36,132,10.37,304,12.12,162,10.81,119,24.62,199,31.02,38,14.38,307,18.73,112,10.67,285,34.6533477306366,100
"2026","Detroit Mercy",77.16,219,-0.62,246,-0.54,261,-0.13,194,1.34,54,-1.31,312,-0.58,259,1.25897,232,43.97,10,11.42,334,15.99,291,23.84,83,26.86,48,21.44,160,33.05,196,25.41,197,26.3,52,11.99,166,2.38,314,21.96,251,13.28,353,32.22,5,16.59,172,14.93,165,45.8550930023193,28
"2026","Drake",77.53,154,0.1,165,-0.86,287,0.02,180,-0.44,226,1.8,28,-0.37,231,1.1788,252,28.64,268,19.17,151,20.14,167,20.23,169,14.78,324,25.28,68,44.54,51,15.28,322,17.76,170,8.2,251,13.75,75,31.17,70,19.36,277,24.61,61,10.83,321,13.44,205,0.579582713544369,337
"2026","Drexel",77.23,205,0.7,91,0.18,155,0.24,156,-0.86,282,-1.21,308,0.44,114,0.897544,305,31.48,214,11.91,330,14.66,318,22.38,110,20.97,176,29.45,18,43.42,60,24,232,11.59,281,14.32,122,5.86,232,26.53,146,21.34,230,22.77,92,14.42,241,14.11,185,35.7174336910248,95
"2026","Duke",79.3,5,0.58,107,1.4,36,2.33,2,2.01,12,3.22,2,0.99,62,0.834759,324,38.18,63,18.68,169,27.42,18,17.98,228,21.1,170,14.82,326,22.52,306,42.28,24,20.98,118,8.02,254,6.2,223,26,156,25.92,116,15.41,284,13.51,261,19.16,60,24.4125247001648,170
"2026","Duquesne",77.98,88,0.41,124,1.61,24,-0.37,228,1.35,52,-0.07,196,1.01,58,2.01025,60,34.2,148,14.12,296,18.49,212,16.04,274,17.73,262,33.43,4,33.73,185,26.71,177,19.4,144,16.62,88,3.03,301,23.37,227,27.25,87,17.46,242,15.98,192,15.79,142,38.7101948261261,74
"2026","East Carolina",77.08,236,0.41,124,1.78,19,-0.67,271,-2.08,356,-1.09,290,1.1,50,1.38409,201,28.36,276,19.97,135,27.78,14,27.49,26,13.73,334,10.61,355,16.02,353,50.17,6,24.64,66,3.7,331,5,251,17.53,336,37.7,10,23.32,80,10.87,319,10,307,23.4189882874489,178
"2026","East Tennessee St.",76.81,281,-1.59,331,0.63,92,-0.16,199,-0.35,219,-1.49,317,-0.48,241,1.83099,91,26.86,308,23.55,48,26.4,34,17.91,233,17.92,253,13.93,336,52.25,16,18.04,295,16.3,198,7.55,262,5,252,21.97,250,15.87,334,27.05,26,18.83,109,15.93,140,19.6375340223312,206
"2026","East Texas A&M",76.89,266,-0.8,267,0.63,92,-0.17,204,-1.05,299,-1.2,296,-0.08,190,1.28036,228,40.7,28,24.25,39,27.21,22,17.96,229,14.53,328,15.62,312,35.82,151,26.86,174,25.42,59,11.31,181,0,338,25.38,172,27.41,86,18.29,214,20.79,70,7.51,344,25.3169119358063,164
"2026","Eastern Illinois",76.81,282,-2.19,356,-0.37,223,0.8,84,-1.44,330,0.25,158,-1.28,331,1.00744,283,34.34,145,16.49,238,23.71,71,21.7,131,15.25,314,22.66,135,26.55,270,42.76,22,11.68,277,12.33,160,6.18,224,17.89,326,29.57,56,17.91,228,14.93,225,19.39,57,38.8098567724228,73
"2026","Eastern Kentucky",76.19,338,-1.84,348,-0.37,223,-0.26,211,-0.88,284,-2.74,355,-1.11,317,1.19401,248,30.28,233,22.44,77,26.57,31,10.22,358,13.06,345,26.86,46,52.79,13,16.57,311,23.42,78,6.28,285,0,338,21.24,270,26.44,101,30.83,7,9.56,338,11.35,270,39.3370062112808,65
"2026","Eastern Michigan",77.67,138,-0.37,214,0.19,154,0.82,81,0.74,89,0.02,184,-0.09,191,1.16809,254,33.45,168,20.38,125,18.48,213,25.12,54,19.36,211,16.65,289,37.01,130,29.74,143,16.94,187,11.76,171,4.55,261,27.11,136,27.21,88,18.2,216,17.43,140,10.05,306,5.18146120011806,313
"2026","Eastern Washington",76.91,264,-0.05,183,1.13,56,-0.65,269,-1.88,347,-1.04,284,0.54,99,1.15864,257,34.61,137,19.76,139,21.02,138,13.32,331,17.83,256,27.7,37,23.97,292,29.34,149,37.62,8,7.63,260,1.07,330,20.73,282,28.2,77,18.77,200,20.27,77,11.58,263,25.621423125267,163
"2026","Elon",77.92,97,-0.69,257,0.63,92,1.51,33,-0.01,183,1.19,70,-0.03,179,1.50782,162,32.16,194,32.22,3,15.45,305,19.92,179,15.72,304,16.7,286,31.04,218,17.55,302,20.54,126,17.59,70,13.29,80,33.95,31,16.44,326,21.36,130,16.6,171,11.65,261,10.2815888822079,279
"2026","Evansville",78.92,12,0.61,99,1.86,17,1.55,31,1.48,43,2.06,20,1.23,39,1.3176,220,24.38,336,31.43,5,26.44,32,8.2,364,17.01,279,16.4,299,52.75,14,30.9,125,1.03,365,9.09,238,4.55,262,25.81,159,30.96,39,12.2,333,18.18,124,12.2,252,23.633885383606,177
"2026","Fairfield",76.41,324,-1.04,292,-0.55,263,-1.13,314,-1.24,320,-0.99,274,-0.79,278,1.15175,259,31,221,20.72,118,16.56,275,11.62,348,22.9,116,27.91,33,50.17,21,24.55,222,12.97,248,5.24,311,6.54,214,30.33,80,24.72,145,14.62,304,15.02,222,14.89,168,20.9336295723915,197
"2026","Fairleigh Dickinson",77.7,134,0.46,119,0.29,136,0.63,97,-0.13,196,0.22,160,0.38,124,0.838087,321,34.6,138,19.15,152,20.14,168,21.17,144,25.42,65,13.84,338,32.42,206,16.68,310,12.89,250,13.66,136,24.1,14,19.61,299,20.71,244,34.62,2,15.64,200,9.13,322,3.19593623280525,324
"2026","FIU",76.95,256,0.25,151,0.72,81,-0.11,191,-1.23,317,-1.96,338,0.48,109,1.36452,204,36.68,92,18.09,187,20.55,153,18.92,209,29.41,23,12.36,349,28.15,256,38.97,40,25.25,61,3.9,326,3.24,297,24.32,209,26.54,99,12.54,328,12.91,280,22.58,24,9.67909768223763,285
"2026","Florida",78.88,15,2.18,20,2.38,7,1.67,18,0.27,148,0.85,105,2.28,9,1.96232,68,24.74,334,25.22,32,22.15,107,20.39,163,14.69,326,17.25,276,37.62,115,28.82,155,17.7,173,6.91,273,8.41,170,30.44,78,27.17,89,19.84,171,16.05,186,6.13,356,40.2357995510101,57
"2026","Florida A&M",77.12,229,-0.75,262,-0.5,257,-1.2,323,0.5,126,0.5,139,-0.62,262,1.39091,199,39.29,44,17.21,219,25.19,49,17.71,241,22.03,144,17.39,273,23.01,302,24.42,226,25.23,62,21.04,41,5.22,242,28.97,101,26.88,94,19.63,179,9.64,335,14.2,180,23.1796428561211,180
"2026","Florida Atlantic",78.1,76,1.5,40,0.66,89,-0.29,217,0.59,106,1.03,87,1.08,51,0.602031,348,38.59,54,21.34,102,22.03,111,17.26,251,22.38,133,16.74,285,39.14,97,39.39,38,6.06,347,9.09,237,6.06,226,16.12,349,18.29,296,21.96,116,28.33,4,15.1,160,11.5714572370052,269
"2026","Florida Gulf Coast",76.83,278,-0.9,278,-0.02,185,-0.67,270,-0.61,254,-0.63,237,-0.46,237,1.29209,225,36.13,100,13.47,308,31.75,4,16.76,263,13.7,335,24.31,91,37.61,116,14.2,332,14.68,223,13.75,135,19.77,25,21.6,258,31.04,37,26.43,34,11.91,299,9.02,324,35.923108458519,94
"2026","Florida St.",78.33,49,0.76,86,1,63,0.7,93,0.75,87,1.43,58,0.88,72,1.82643,94,31.58,211,18.03,188,20.25,161,21.19,143,24,91,15.97,303,12.92,359,48.02,8,17.74,171,9.88,218,10.67,124,26.27,151,23.86,165,25,54,18.93,104,5.19,362,6.06394037604332,304
"2026","Fordham",77.59,148,0.4,134,1.22,48,0.72,91,-0.47,240,-0.94,268,0.81,77,2.13318,43,26.35,317,16.04,246,19.82,176,14.87,304,18.43,242,30.35,15,24.79,280,32.62,103,24.24,70,7.5,264,10,138,27.95,120,25.26,133,18.64,204,12.7,284,15,162,2.54876464605331,328
"2026","Fresno St.",77.79,124,1.55,38,0.59,108,0.1,172,-0.28,215,-0.03,193,1.07,54,1.5751,142,33.63,163,12.69,321,23.27,80,22.72,103,16.57,290,24.34,89,42.37,68,30.14,136,15.43,213,1.8,354,9.63,150,28.57,110,23.67,175,10.91,343,16.02,188,20.3,42,15.6483963131905,239
"2026","Furman",79.49,3,1.41,43,1.8,18,1.63,21,2.42,7,3.21,3,1.61,26,1.32165,218,26.57,315,22.5,75,22.08,109,11.57,349,18.85,233,24.81,78,33.77,183,24.45,225,11.81,274,10.48,205,19.21,27,40.21,4,22.37,204,19.71,175,8.46,347,8.85,328,47.1324443817139,27
"2026","Gardner Webb",76.61,303,-0.79,264,-0.59,266,-0.55,257,-1.3,326,-0.72,248,-0.69,270,0.509653,355,43.17,14,13.24,313,27.28,20,15.3,289,25.23,68,18.96,228,29.92,235,17.43,303,16.65,191,32.44,5,3.56,293,40.2,5,16.33,328,16.35,267,23.91,34,3.2,364,9.66328531503677,286
"2026","George Mason",77.96,93,0,177,0.19,153,0.09,173,1.43,46,1.06,83,0.09,159,1.94195,71,29.69,246,21.35,100,20.03,173,14.37,318,17.36,269,26.65,48,45.26,46,32.2,107,13.26,244,6.06,292,3.03,301,29.97,84,21.25,232,14.92,295,16.73,165,16.86,114,3.31697538495064,323
"2026","George Washington",78.05,81,0.81,81,0.52,119,0.54,120,0.26,150,1.15,73,0.67,90,2.46613,16,35.19,118,24.37,38,21.33,136,15.88,277,17.86,254,20.56,181,35.28,160,24.8,216,12.31,262,14.67,117,12.95,86,28.38,112,24.01,161,16.63,258,18.5,117,12.47,244,31.1052441596985,126
"2026","Georgetown",78.23,63,2.54,15,-0.14,197,-0.14,196,0.56,109,1.29,66,1.2,42,1.90431,80,34.78,130,20.93,111,15.92,293,15.24,291,21.71,151,25.9,56,36.67,135,15.97,319,12.83,251,17.5,74,16.64,47,18.45,317,22.48,201,18.89,197,20.94,65,19.02,63,27.6238888502121,148
"2026","Georgia",77.56,151,0.33,140,1.63,21,0.84,76,-0.66,265,-1.31,311,0.98,63,1.85531,87,46.6,4,20.45,123,19.61,187,24.2,72,16.02,300,19.71,202,29.33,245,29.15,152,22.59,86,9.44,229,9.49,153,23.48,221,27.62,84,21.6,122,14.73,235,12.57,240,29.0601551532745,137
"2026","Georgia Southern",77.01,248,-0.59,228,0.07,171,0.35,135,-0.23,208,-1.58,320,-0.26,219,1.40889,191,38.46,57,10.37,346,24.12,64,23.1,98,19.27,217,22.73,133,44.64,50,26.45,182,10.46,300,15.1,110,2.75,307,22.74,239,19.27,279,23.98,69,18.18,125,15.27,156,10.872520506382,274
"2026","Georgia St.",77.98,89,1.18,53,0.05,175,0.59,115,0.65,101,0.43,143,0.61,95,0.510892,354,37.23,82,13.48,307,17.26,256,21.59,133,30.11,18,17.38,274,42.6,63,20.03,278,14.59,225,16.64,87,5.71,236,25.03,185,21.39,228,26.11,39,16.2,182,10.87,280,22.0892399549484,190
"2026","Georgia Tech",78.56,32,1.13,62,0.83,70,0.94,72,1.71,21,1.18,71,0.98,64,1.55273,149,34.85,126,17.97,189,23.79,68,20.21,170,22.33,134,15.48,313,32.94,198,25.24,204,8.48,327,25.03,20,8.11,178,37.47,11,22.99,190,10.04,353,17.36,143,11.85,259,19.0398842096329,210
"2026","Gonzaga",78.08,78,0.45,120,0.42,125,1.63,21,0.58,107,0.36,147,0.44,113,2.78383,3,44.02,9,25.71,28,23.11,85,19.78,185,15.64,306,15.77,306,27.39,264,17,306,35.76,14,13.15,146,6.69,207,26.38,149,23.76,170,24.22,66,16.5,176,9.13,321,26.0931342840195,160
"2026","Grambling St.",78.3,55,-1.58,330,-0.37,223,0.79,85,2.56,3,3.13,4,-0.98,297,1.10281,268,27.89,288,13.26,311,20.83,143,28.99,14,19.57,205,16.82,284,22.07,312,31.81,113,15.85,208,20.4,46,9.47,155,17.33,340,16.7,321,17.51,240,20.62,73,27.48,3,0,343
"2026","Grand Canyon",78.65,25,1.66,34,0.64,90,1.27,43,1.95,14,0.7,121,1.15,43,2.56355,11,31.89,201,15.32,267,20.65,151,25.43,51,13.53,339,24.83,77,24,290,36.26,60,15.4,214,11.06,189,13.06,84,23.33,228,31.05,36,23.5,75,10.91,318,10.9,278,18.3950573205948,214
"2026","Green Bay",77.13,227,-0.57,227,-1.37,329,-0.75,280,0.44,134,0.96,94,-0.97,296,1.45878,175,33.13,173,16.23,242,25.67,43,23.47,89,20.32,188,14.32,331,35.28,159,19.69,282,11.7,276,21.5,36,11.84,97,19.66,296,18.9,283,22.43,106,25.43,23,13.59,194,44.4942384958267,34
"2026","Hampton",77,249,0.31,145,-0.37,223,0.32,140,-1.09,302,-1.2,296,-0.03,180,1.79994,101,36.79,91,17.03,222,23.43,78,17.62,244,20.81,181,21.03,167,22.87,303,39.71,35,20.21,135,15.12,109,1.81,322,17.36,339,40.96,5,21.53,124,13.24,268,6.82,347,33.9076310396194,105
"2026","Harvard",77.14,226,-0.79,266,-1.87,350,-0.37,228,0.73,93,1.03,88,-1.33,337,1.65701,121,24.1,338,16.69,233,20.19,162,27.39,30,19.97,198,15.75,308,27.11,266,28.62,158,29,33,9.03,240,6.23,222,25.8,160,21.66,221,13.85,317,24.55,29,14.13,183,69.8825538158417,2
"2026","Hawaii",78.57,29,1.33,48,0.87,68,1.71,16,0.12,165,1.8,28,1.1,49,1.75963,106,37.56,77,30.82,6,23.54,76,22.24,118,11.1,361,11.73,352,49.02,24,22.7,249,20.46,129,4.36,321,2.67,309,29.56,91,16.32,330,25.32,49,14.62,237,13.67,190,27.7002543210983,147
"2026","High Point",76.3,329,-1.18,308,-0.47,252,-0.19,206,-0.98,296,-2.68,352,-0.83,281,2.38231,21,38.6,52,13.14,314,21.95,119,17.27,250,19.86,199,27.71,36,21.48,316,21.65,261,33.18,17,9.69,222,13.79,74,27.6,126,35.09,19,22.75,94,5.25,364,9,325,15.1743039488792,244
"2026","Hofstra",77.32,192,1.2,52,0.14,162,-0.74,279,-0.57,250,-0.41,228,0.67,89,1.54191,153,27.67,292,22.89,66,17.36,254,13.02,336,21.7,152,25.03,73,53.48,11,10.91,353,24.25,69,11.36,180,0,338,36.67,14,29.75,49,20.81,146,9.75,332,3.02,365,38.5948032140732,75
"2026","Holy Cross",76.8,285,-2.01,350,-1.31,326,0.63,97,0.67,99,-1,276,-1.66,351,1.20098,246,27.97,284,19.24,150,23.6,74,14.62,311,18.67,238,23.57,109,29.75,237,25.21,205,21.22,111,19.71,53,3.61,290,23.42,223,18.86,286,15.43,283,24.8,25,17.01,109,44.22507584095,36
"2026","Houston",77.83,116,1.14,58,-0.54,262,-1.02,307,0.56,109,2.01,23,0.3,137,1.82639,95,27.58,295,17.87,195,15.91,294,19.46,193,20.97,175,25.77,58,34.77,165,31.16,124,15.62,211,3.44,335,14.74,61,36.41,16,16.86,317,17.6,237,14.84,230,14.13,182,43.9958363771439,38
"2026","Houston Christian",76.82,280,-2.5,362,-1.27,319,0.63,97,0.93,72,-0.74,250,-1.88,357,0.968911,292,29.65,247,22.5,74,17.7,241,14.49,315,24.45,82,20.25,187,32.88,201,36.25,61,8.31,329,11.96,168,9.29,157,16.62,347,17.57,303,15.4,285,24.16,32,25.84,11,26.000639796257,161
"2026","Howard",76.23,335,-1.74,339,-2.22,360,-0.45,250,0.38,142,-1.84,331,-1.98,362,1.41823,188,29.03,260,10.41,345,18.27,228,23.23,95,30.73,13,16.61,290,28.51,251,20.45,276,20.14,137,18.53,65,11.65,101,24.74,196,16.24,331,18.1,221,27.43,10,12.8,230,6.89951628446579,300
"2026","Idaho",77.38,181,0.71,90,-0.22,204,-0.03,183,-0.57,248,-0.03,192,0.24,148,1.55892,146,25.8,322,23.13,62,22.35,102,17.07,257,17.73,261,19.38,212,44.06,58,22.85,245,13.67,235,10.54,200,8.39,171,24.4,207,16.48,325,22.69,96,18.83,108,17.22,103,34.591069817543,101
"2026","Idaho St.",77.77,128,-0.37,215,-0.31,215,1.63,21,2.18,8,-1.27,310,-0.34,227,0.773379,329,31.98,199,33.49,2,11.55,352,23.81,85,11.78,356,19.15,222,47.97,33,16.16,315,20.15,136,7.76,256,7.41,189,28.85,106,21.47,224,23.61,73,9.61,337,16.29,130,25.1349955797195,165
"2026","Illinois",79.38,4,2.94,10,1.63,21,1.88,11,2.56,3,0.92,98,2.29,8,1.66756,118,29.75,245,17.91,194,21.97,115,19.37,197,19,228,21.75,153,20.24,326,22.88,243,15.02,220,28.6,10,13.26,81,26.21,152,29.57,55,19.07,190,9.17,342,15.98,137,34.1410219669342,104
"2026","Illinois Chicago",77.2,211,-0.98,287,-0.04,187,0.63,97,1.3,56,-1.89,334,-0.51,249,1.80107,99,38.26,61,11.03,337,16.32,280,20.18,171,23.48,103,28.91,23,27.6,261,26.75,176,24.26,68,21.22,39,0,338,16.04,350,28.46,74,18.79,199,24.07,33,12.56,241,12.2104205191135,260
"2026","Illinois St.",76.64,298,0.9,75,-1.18,311,-0.53,254,-1.22,316,-1.78,325,-0.14,203,2.06298,50,34.14,150,21.31,103,16.19,286,15.78,279,23.23,107,23.27,115,44.18,54,21.27,267,20.39,131,7.24,268,6.65,213,31.61,63,21.88,216,23.31,81,12.2,293,10.6,287,53.8742959499359,13
"2026","Incarnate Word",76.12,346,-1.53,327,-1.18,312,-1.03,309,-1.65,341,-1.01,278,-1.36,339,2.28931,30,23.62,343,5.38,365,19.55,188,20.79,155,28.36,30,25.7,60,44.95,48,4.94,363,10.64,296,22.15,32,16.81,44,21.53,261,25.82,120,26.41,35,15.06,221,10.83,281,42.930868268013,44
"2026","Indiana",77.96,92,-0.1,191,0.27,139,1.04,60,1.19,60,0.44,142,0.08,164,3.04123,1,26.8,311,25.83,26,20.64,152,21.16,145,22.27,138,10.1,359,31.47,213,26.34,185,17.19,185,7.35,267,17.65,36,29.19,97,23.36,182,22.55,102,9.71,333,15.19,159,0,343
"2026","Indiana St.",77.11,230,0.26,150,-0.65,273,0.63,97,-0.69,269,-1.02,279,-0.2,212,0.989861,286,28.87,263,24.6,35,25.62,44,17.98,227,21.22,167,10.23,358,27.85,259,33.36,99,20.95,119,5.63,301,12.03,96,18.55,313,39.99,7,18.35,212,14.02,251,8.62,332,35.1860016584396,98
"2026","Iona",76.86,274,-0.62,245,0.31,133,-0.57,261,-0.88,285,-0.9,264,-0.16,205,1.35623,207,29.17,256,20.75,116,18.48,215,23.35,94,14.97,320,22.46,139,36.42,140,26.41,183,37.17,9,0,359,0,338,17.22,341,33.54,24,21.37,129,12.87,281,14.99,163,2.66594663262367,327
"2026","Iowa",78.47,36,0.42,122,0.43,124,0.93,73,0.74,91,2.8,6,0.43,119,1.48191,169,35.52,110,22.68,71,16.84,273,19.45,194,15.09,318,25.25,69,29.5,243,34.86,79,18.88,152,6.14,289,9.74,146,32.15,55,17.66,302,17.79,231,20.93,67,10.92,277,2.04138867557049,332
"2026","Iowa St.",77.86,109,0.37,138,1.28,45,0.33,137,0.05,178,0.22,161,0.83,75,2.54065,13,33.85,156,14.84,278,27.82,13,17.65,243,15.52,308,23.65,108,50.22,20,17.58,301,1.39,364,5.92,296,24.37,13,24.77,195,29.3,61,21.12,136,13.92,253,10.38,298,51.3546526432037,19
"2026","IU Indy",76.25,334,-2.15,355,-1.66,347,-0.68,272,-1.1,303,-0.2,201,-1.9,359,0.268928,362,36.3,98,14.83,280,23.07,87,24.39,69,17.31,273,19.82,198,28.43,253,13.18,339,11.24,284,20.07,48,26.59,8,26.52,147,19.31,278,25.24,51,8.05,352,20.48,40,0.500190071761608,338
"2026","Jackson St.",76.13,345,-0.44,220,-1.38,337,-1.41,331,-0.78,281,-2.34,346,-0.91,290,1.15338,258,34.24,146,17.8,198,17.45,251,16.41,270,19.54,206,28.5,27,27.6,262,24.63,220,21.86,95,17.41,75,8.1,179,17.69,332,20.92,237,24.86,55,18.76,110,17.41,98,41.119059920311,53
"2026","Jacksonville",76.93,261,-0.71,261,-0.2,201,0.63,97,-0.89,286,-1.19,295,-0.46,236,0.980182,290,36.97,88,16.87,229,11.53,353,28.19,20,19.1,223,24.09,96,46.01,41,18.78,289,13.04,247,10.09,214,11.76,99,21.43,265,20.78,239,20.01,166,17.47,139,20.1,47,21.2551787495613,194
"2026","Jacksonville St.",77.03,247,0.31,143,-1.49,343,-1.67,347,-0.44,226,1.45,55,-0.59,260,1.35215,210,31,220,18.36,181,49.04,1,10.59,355,12.55,349,9.46,360,42.91,62,25.14,207,19.25,149,1.59,355,11.11,118,23.72,216,26.28,105,17.43,244,20.57,74,12,254,10.3283941745758,278
"2026","James Madison",77.3,194,-1.06,296,0.12,166,1.19,47,-0.92,290,0.17,166,-0.47,240,1.8025,98,38.85,47,18.47,178,20.05,171,10.81,354,20.04,197,30.3,16,41.04,80,26.89,172,17.6,176,9.35,233,4.73,258,18.09,325,26.25,108,29.93,12,14.08,249,11.33,271,17.0499429106712,224
"2026","Kansas",78.51,34,1.21,50,0.77,71,0.74,88,1.23,57,1.58,50,0.99,61,1.60465,134,38.64,51,23.12,63,23.07,86,27.2,31,12.5,352,13.6,342,29.6,240,32.04,111,27.06,45,5.02,313,5.33,240,31.83,61,20.4,250,14.65,302,15,224,17.48,94,8.46452713012695,295
"2026","Kansas City",76.72,291,0.4,135,-1.3,325,-1.06,310,0.13,164,-1.52,318,-0.45,235,0.881215,310,31.83,202,10.74,340,19.63,186,19.38,196,21.44,162,28.81,24,30.82,222,43.17,20,3.33,360,19.82,51,2.86,305,30.05,83,25.19,135,21.58,123,14.9,228,8.27,338,19.9731901288033,204
"2026","Kansas St.",77.69,136,0.6,102,-0.25,209,-0.1,190,0.27,149,0.89,100,0.17,154,2.16651,38,34.91,125,14.01,299,21.44,133,11.49,350,28.54,29,24.36,88,37.09,128,14.5,330,21.58,98,15.84,98,10.22,133,18.12,324,15.5,339,20.04,163,22.76,45,23.38,16,16.61426872015,230
"2026","Kennesaw St.",77.93,96,-0.92,284,0.36,129,0.87,75,1.1,64,1.19,69,-0.28,222,1.48846,167,36.55,94,14.79,281,18.61,209,19.3,199,21.68,153,24.59,83,19.51,332,35.61,65,26.18,54,10.77,193,6.29,219,19.55,300,38.41,8,20.47,155,11.69,308,8.41,336,37.3273730278015,83
"2026","Kent St.",76.19,339,-1.23,313,0.37,128,-0.72,277,-2.45,361,-2.02,339,-0.43,233,1.89285,82,30.8,224,14.01,298,26.59,30,24.18,74,18.37,243,16.47,296,24.32,286,41.86,26,23.83,74,4.32,322,5.2,243,17.65,334,37.35,13,23.22,83,11.86,300,9.53,314,29.190120100975,136
"2026","Kentucky",78.88,14,1.75,31,1.22,49,0.25,154,1.56,27,2.63,10,1.48,28,1.46671,173,44.37,7,21.23,105,14.36,324,18.81,212,23.79,94,21.66,155,38.91,99,24.62,221,14.08,231,11.48,177,10.58,127,27.77,122,20.76,240,19.38,184,18.22,123,13.67,189,27.5663644075394,149
"2026","La Salle",78.21,64,-0.3,209,0.77,72,0.41,125,1.56,27,1.58,48,0.24,149,1.59132,139,35.76,105,16.36,240,20.32,158,21.47,136,22.76,117,18.75,237,42,71,23.99,233,17.33,181,7.45,266,8.91,163,29.84,87,21.95,214,22.68,97,18.35,120,6.67,349,3.95534485578537,317
"2026","Lafayette",75.86,355,0.19,158,-0.08,192,-1.97,354,-2.87,362,-3.01,359,0.06,169,1.43612,180,22.41,352,12.49,322,22.57,96,23.96,77,27.36,40,13.35,343,20.99,321,33.45,96,29.3,31,11.51,176,4.38,267,33.66,34,25.92,117,10.61,350,19.9,81,9.36,318,51.6259908676147,17
"2026","Lamar",77.08,238,0.3,146,0.73,79,-0.32,222,-1.27,323,-1.02,280,0.52,104,1.28546,226,38.25,62,22.92,65,17.69,242,17.68,242,27.84,34,13.87,337,22.73,305,41.64,29,32.7,19,2.94,343,0,338,28.57,109,25.24,134,24.76,58,10.75,323,10.68,284,44.5379823446274,33
"2026","Le Moyne",77.12,228,-0.64,250,-1.37,329,0.24,155,0.47,131,-0.1,198,-1.01,300,0.710027,340,23.66,341,20.82,113,17.22,260,22,122,22.28,137,17.48,270,51.9,17,11.57,351,10.18,307,11.75,173,14.42,66,26.72,142,13.16,355,20.09,161,23.45,36,16.41,123,10.7446618378162,276
"2026","Lehigh",76.53,315,0.1,164,-0.3,214,-1.26,325,-0.91,289,-1.96,337,-0.1,193,1.19816,247,28.62,270,15.04,269,13.08,339,25.29,52,26.58,50,20.01,192,41.18,79,30.36,133,1.8,363,12.09,163,14.58,64,21.53,260,22.63,198,26.37,36,17.04,154,12.42,246,50.2440989017487,20
"2026","Liberty",75.05,364,-1.91,349,-1.28,321,-1.67,346,-3.82,365,-3.16,361,-1.59,348,2.73563,4,16.75,365,12.08,329,14.76,317,23.96,76,28.98,27,19.68,203,20,328,38.62,41,28.71,35,11.46,178,0.44,336,32.5,53,29.3,62,12.52,329,14.33,243,10.55,293,54.0501594543457,12
"2026","Lindenwood",76.98,253,0.24,152,-0.68,275,-0.37,228,-0.42,223,-0.85,258,-0.22,215,1.44892,178,32.33,189,20.53,121,15.62,301,27.04,34,23.74,96,13.07,345,48.57,27,15.22,324,17.76,169,9.16,236,9.29,156,27.37,132,24.66,147,16.78,255,17.7,135,13.49,202,32.722470164299,111
"2026","Lipscomb",77.36,183,1,67,-0.16,199,-0.27,213,-0.02,184,-0.79,253,0.42,120,0.825357,325,37.6,74,22.1,84,17.26,257,19.92,180,24.82,73,15.69,310,24.21,288,18.53,293,26.56,48,20.41,45,10.08,137,32.33,54,20.14,261,16.64,257,17.33,144,13.22,215,18.6836510896683,213
"2026","Little Rock",78.57,30,-0.59,228,1.31,42,2.17,3,2.16,9,0.83,106,0.36,128,1.47831,170,33,177,15.52,261,13.01,341,29.53,13,21.51,159,20.44,183,19.23,334,37.58,49,27.46,41,11.24,184,4.48,265,19.64,297,26.01,114,21.19,132,14.88,229,18.28,82,36.7285192012787,86
"2026","LIU",77.62,142,-1.02,290,-1.6,345,-0.37,228,1.56,27,2.52,11,-1.31,335,1.04418,279,27.57,296,21,109,20.44,156,17.84,238,20.92,178,19.37,214,23.63,295,29.83,140,20.59,125,21.3,37,4.01,280,20.06,290,23.14,187,22.6,100,19.89,82,13.83,188,39.3274158239365,66
"2026","Long Beach St.",77.59,147,0.33,141,0.96,64,-0.8,286,-0.33,217,0.8,108,0.64,93,1.0004,285,38.02,67,11.54,333,21.97,114,19.78,184,23.72,97,22.75,131,35,162,37.38,50,20.87,122,3.56,333,2.77,306,12.33,363,29.7,51,24.11,67,17.92,130,15.62,146,5.25346733629704,312
"2026","Longwood",76.94,257,-1.76,340,-0.43,244,-0.22,207,-0.21,205,0.33,151,-1.09,315,1.51324,159,37.21,83,18.16,185,18.87,201,22.28,115,17.03,276,23.07,122,20.76,323,22.55,252,30.44,24,15.34,102,10.12,136,19.62,298,16.56,324,19.69,176,14.01,252,29.46,1,38.9779955148697,71
"2026","Louisiana",77.2,212,-1.08,299,-0.77,282,-0.37,228,0.16,157,1.08,81,-0.93,292,0.940044,299,34.46,141,8.1,358,17.23,259,30.4,8,27.48,37,16.5,295,31.29,215,13.94,333,21.05,116,17.09,80,16.2,51,23.75,215,18.49,293,23.85,71,16.99,155,16.6,119,12.1172092854977,262
"2026","Louisiana Monroe",76.57,312,-0.69,256,-1.91,353,-2.08,357,-0.44,226,0.97,91,-1.3,332,0.14342,365,29.8,243,22.47,76,18.78,204,19.85,182,22.51,123,16.16,302,26.26,273,47.65,9,17.29,183,7.71,257,0.86,332,17.8,330,23.07,189,15.31,290,21.02,62,22.53,26,5.73485307395458,307
"2026","Louisiana Tech",78.27,58,0.96,70,0.21,148,0.63,97,0.7,97,1.8,28,0.58,98,0.891436,306,38.4,58,22.54,73,16.93,267,17.57,245,17.44,266,25.17,71,20.89,322,36.41,58,19.27,148,23.43,25,0,338,26.31,150,20.14,260,19.12,189,18.86,105,15.3,155,25.86410343647,162
"2026","Louisville",78.46,39,1.57,36,1.17,51,-0.39,242,0.56,109,2.39,12,1.37,31,2.22819,34,39.44,40,15.34,266,18.35,225,24.82,63,18.73,235,22.72,134,42.17,70,18.95,285,8.84,321,12.55,154,17.37,38,18.29,322,28.5,71,16.6,260,17.53,138,18.93,65,18.3611288666725,215
"2026","Loyola Chicago",77.35,186,0.12,162,-0.36,222,0.38,130,-0.61,253,0.26,156,-0.12,200,1.79731,102,33.77,161,19.62,141,17.97,232,16.99,258,22.93,114,22.5,138,31.5,212,26.02,188,25.15,63,2.69,346,14.63,62,36.16,20,23.94,163,12.4,332,13.18,270,14.32,178,24.848860502243,167
"2026","Loyola Marymount",78.73,22,1.73,32,0.31,132,0.63,97,2.56,3,1.4,60,1.02,57,1.54462,151,26.17,319,12.09,328,23.22,83,26.22,42,11.21,359,27.2,42,30.23,230,17.92,298,5.23,353,33.89,3,12.51,89,21.48,263,26.1,111,9.51,355,22.72,46,20.06,48,34.1896235942841,103
"2026","Loyola MD",77.43,173,0.03,175,-0.98,299,-0.88,293,0.48,130,1.52,52,-0.48,241,1.38812,200,28.07,282,12.91,317,17.05,265,11.11,352,28,33,30.83,13,28.11,257,26.45,181,21.47,102,5.68,300,18.05,33,26.54,145,16.43,327,15.77,278,26.82,13,14.26,179,56.2178611755371,7
"2026","LSU",78.59,28,0.41,124,2.13,11,1.9,9,2.04,11,-0.53,231,1.27,35,2.67356,6,37.39,80,31.92,4,17.77,238,15.09,295,18.6,239,16.37,300,35.34,157,17.94,297,40.46,2,5.88,297,0,338,23.72,217,25.29,131,25.51,46,9.64,334,15.62,147,10.7065565884113,277
"2026","Maine",77.28,196,-0.08,187,0.26,140,-0.47,251,-0.08,190,-0.24,217,0.09,162,1.54518,150,37.25,81,23.09,64,19.5,190,20.83,153,17.66,264,18.72,238,36.72,134,21.65,260,18.74,155,15.22,107,7.05,202,20.55,283,28.72,68,22.03,114,15.59,202,12.9,224,12.9967793822289,255
"2026","Manhattan",75.44,363,-1.05,294,-1.1,309,-1.69,348,-2.99,363,-2.98,358,-1.07,311,1.52754,155,23.61,344,15.03,270,21.92,121,17.54,246,24.75,76,20.68,178,21.51,315,22.74,247,22.52,88,21.64,34,11.36,110,28.37,113,32.71,27,18.04,223,15.34,210,5.43,361,39.1555905342102,67
"2026","Marist",76.19,340,-1.3,315,-1.24,316,-0.92,298,-1.61,340,-1.01,277,-1.27,329,1.58641,141,28.76,265,16.46,239,18.8,202,22.3,114,13.68,336,28.61,26,15.46,355,7.23,361,29.68,28,11.97,167,35.4,3,18.41,318,26.42,102,17.54,239,20.51,76,16.91,112,54.5691192150116,9
"2026","Marquette",77.83,117,1.45,42,0.7,82,-0.12,193,1.1,63,-1,275,1.08,52,1.35919,205,41.57,24,17.8,197,17.63,246,21.51,135,25.84,60,17.17,277,29.51,242,29.07,153,17.65,175,19.73,52,3.82,287,38,8,17.71,301,13.21,323,17.31,146,13.56,197,52.0727813243866,16
"2026","Marshall",78.2,65,4.56,1,1.55,27,-1.17,320,-1.15,308,0.15,172,3.05,2,1.47263,172,32.21,193,18.92,159,24.67,55,13.83,327,23.24,105,18.91,231,42.42,66,22.67,250,13.32,242,14.82,115,6.17,225,27.81,121,23.53,176,10.62,349,21.77,54,15.77,143,20.1540768146515,202
"2026","Maryland",76.98,252,-0.42,218,0.29,138,-0.55,258,0,182,-1.44,315,-0.06,188,1.93976,73,29.29,253,24.57,36,14,328,20,177,22.06,143,18.93,230,33.77,184,25.3,201,19.16,151,16.18,95,5.16,247,20.01,292,22.02,210,19.4,183,23.17,41,14.91,167,0,343
"2026","Maryland Eastern Shore",77.95,94,-0.59,228,0.73,80,1.89,10,1.78,19,-1.08,288,0.07,166,0.721882,337,55.29,1,29.71,9,20.38,157,18.65,218,12.13,355,18.91,232,24.89,279,34.28,89,14.89,221,25.71,17,0,338,25.72,163,21.81,219,15.96,274,24.66,27,11.58,264,17.2034829854965,223
"2026","Massachusetts",77.03,246,-0.08,186,0.45,123,-1.09,311,-0.54,246,-0.63,239,0.19,152,2.00558,62,28.63,269,24.66,34,18.41,220,11.47,351,22.41,129,22.59,136,37.11,127,25.77,193,30.19,25,3.68,332,2.33,315,30.97,73,30.76,41,20.84,144,10.65,324,6.13,355,24.4714081287384,169
"2026","McNeese",77.21,209,-0.35,211,-1,301,-0.69,274,0.38,140,0.66,125,-0.67,268,1.81184,96,40.4,33,15.53,259,14.38,323,25.93,46,24.47,80,19.58,206,37.87,112,30.84,126,17.99,168,8.6,244,4.17,277,9.84,364,42.35,2,12.92,325,12.12,297,22.65,23,23.2349708676338,179
"2026","Memphis",77.25,202,2.57,14,0.22,144,-1.42,332,-0.44,226,-1.72,324,1.4,30,2.08163,48,38.38,59,16.2,244,18.13,231,23.36,93,24.91,71,16.65,288,48.73,26,8.13,359,37.87,7,0,359,3.85,286,19.98,293,16.62,323,26.94,27,21.3,57,14.11,184,0,343
"2026","Mercer",76.85,276,0.03,174,-1.23,314,-0.93,299,-0.65,262,-0.01,185,-0.6,261,1.52711,156,19.86,359,18.84,161,10.27,360,20.68,157,25.86,59,23.81,106,32.97,197,29.75,142,17.33,180,17.17,78,1.99,319,23.4,225,30.19,46,26.24,38,13.31,266,6,357,13.9380484819412,249
"2026","Mercyhurst",75.03,365,-2.68,364,-2.37,361,-2.71,364,-2.03,353,-2.02,340,-2.53,364,0.75543,330,27.9,287,14.29,293,17.66,244,16.4,271,22.38,132,29.27,20,38.11,109,28.84,154,16.18,201,9.52,227,7.36,191,28.56,111,20.21,258,15.22,291,16.52,174,19.49,55,41.1336302757263,52
"2026","Merrimack",76.21,337,-2.27,358,-1.31,327,-1.52,335,-0.62,257,-0.22,214,-1.79,356,1.14725,260,26.4,316,10.2,348,23.64,73,29.61,12,18.02,251,18.29,249,34.01,178,9.85,356,10.52,299,12.52,156,32.73,7,25.23,178,23.48,179,15.98,273,14.32,244,20.63,39,12.4827571213245,258
"2026","Miami FL",78.52,33,0.87,77,1.07,60,1.07,53,0.56,109,2.04,21,0.97,65,1.71189,113,32.68,184,13.97,300,27.58,16,18.31,223,17.32,271,22.73,132,31.18,216,26.56,179,20.42,130,8.2,250,13.42,78,32.72,45,17.45,307,17.74,233,19.19,94,12.63,237,0,343
"2026","Miami OH",77.2,210,-0.64,249,0.56,114,0.35,134,-0.54,247,-0.67,245,-0.04,181,1.95989,69,32.75,182,19.88,137,27.13,23,14.44,316,16.5,293,22.04,145,37.5,120,12.5,344,22.43,89,18.85,62,8.73,167,27.45,130,11.94,360,33.27,4,18.75,111,8.58,333,60.9180212020874,6
"2026","Michigan",78.7,23,3.26,6,1.57,26,0.55,119,0.98,69,0.15,171,2.42,5,2.1257,44,33.5,167,23.33,56,20.7,147,18.54,220,22.38,131,15.05,324,41.25,78,29.28,150,8.5,326,10.61,195,10.37,129,34.8,26,22.14,206,12.78,326,9.62,336,20.67,38,33.3400100469589,108
"2026","Michigan St.",78.77,18,1.17,55,2.1,12,1.45,36,1.15,62,0.96,93,1.64,21,1.44803,179,30.87,222,23.38,52,26.73,27,16.68,264,17.74,260,15.37,315,25.62,275,41.66,28,19.35,145,5.54,303,7.83,182,20.89,280,34.73,20,17.82,229,13.82,256,12.66,235,41.6871845722198,48
"2026","Middle Tennessee",78.32,53,0.61,99,1.16,54,1.05,57,-0.09,191,1.8,28,0.88,70,1.9074,79,32.34,188,13.03,316,22.37,99,14.94,300,14.02,333,35.34,3,11.68,360,21.21,268,11.11,287,32.41,6,23.15,17,17.83,329,25.3,130,35.33,1,8.15,349,13.04,221,28.393629193306,141
"2026","Milwaukee",77.11,231,0.06,170,-0.25,207,-0.77,281,-0.26,212,-0.25,218,-0.09,192,1.25502,234,37.97,69,16.67,234,17.69,243,26.86,38,21.95,146,16.57,292,36.98,131,38.07,45,8.13,333,11.14,187,5.46,239,33.13,39,23.34,183,12.92,324,20.1,78,10.22,303,16.0127967596054,234
"2026","Minnesota",77.67,139,-1.2,312,0.2,149,1.16,50,0.09,168,1.08,80,-0.5,246,2.22494,35,28.14,280,12.84,318,18.57,211,35.26,2,19.1,224,14.2,332,37.79,114,27.52,168,16.87,188,13.38,141,4.33,269,33.69,33,29.52,57,8.96,357,15.18,215,12.49,242,12.0936930179596,263
"2026","Mississippi",77.71,132,0.04,173,0.68,85,-0.37,228,1.38,49,-0.2,201,0.36,127,1.60539,133,37.57,76,15.79,251,14.81,316,21.72,129,27.05,45,20.12,190,39.3,96,39.63,36,13.24,246,5.31,310,1.91,320,26.16,153,29.51,59,16.75,256,14.13,248,12.78,231,15.3829216957092,242
"2026","Mississippi St.",77.43,172,1.2,51,1.23,46,0.02,179,-1.44,330,-0.88,261,1.21,41,1.90771,78,39.46,39,10.5,343,18.48,214,22.78,102,16.68,289,31.13,11,19.78,331,43.69,18,33.38,16,1.96,352,0.67,334,27.6,127,37.45,12,12.43,331,10.37,325,11.39,269,28.2137006521225,144
"2026","Mississippi Valley St.",77.48,163,-0.16,196,0.69,84,0.83,78,-0.76,277,-0.2,201,0.26,141,0.145497,364,28.07,283,18.4,180,22.38,98,17.93,232,15.15,316,25.75,59,10.22,361,35,76,31.89,21,11.68,175,10.81,120,27.69,123,26.27,107,17.95,225,11.78,303,15.9,141,3.33600305020809,322
"2026","Missouri",78.95,10,1.78,30,2.44,5,1.46,35,0.24,152,1.8,28,2.11,12,2.47037,15,34.79,129,15.52,260,19.45,192,23.75,86,21.61,154,19.56,207,29.51,241,23.59,236,30.1,26,12.95,147,3.68,289,28.86,105,22.7,196,22.69,95,14.59,239,10.92,276,32.2906017303467,115
"2026","Missouri St.",76.8,284,-0.46,221,-2.42,365,-1.54,337,-0.44,226,1.8,28,-1.43,343,0.747194,332,23.31,347,14.15,294,36.88,2,10.57,356,16.5,292,21,168,21.89,314,57.16,2,7.53,340,11.82,170,0,338,39.68,6,26.64,97,8.53,360,6.59,358,17.45,96,32.7009290456772,112
"2026","Monmouth",78.77,17,0.83,79,0.67,86,1.63,21,1.89,17,1.8,28,0.75,84,1.84704,88,26.77,312,22.1,85,22.4,97,23.86,82,17.04,275,14.37,328,36.02,147,32.32,106,21.39,107,8.95,241,1.1,329,21,275,20.62,247,27.37,21,22.93,43,7.93,342,44.8054403066635,31
"2026","Montana",77.04,245,-1.79,344,-0.87,289,-0.72,277,0.49,129,1.07,82,-1.33,338,1.09309,271,24.91,332,16.86,230,13.66,333,16.46,268,33.4,4,19.17,221,21.22,319,11.73,349,10.45,301,22.81,27,33.33,5,24.69,198,22.92,192,24.82,56,13.68,259,13.33,210,27.2683590650558,151
"2026","Montana St.",77.47,166,-0.36,212,0.55,115,0.38,129,-0.97,294,0.8,108,0.09,160,0.705867,343,28.12,281,15.4,264,18.44,218,24.57,67,23.24,106,18.35,247,16.67,346,10.22,355,26.11,55,23.87,24,23.13,18,23.21,231,22.32,205,15.87,276,16.98,156,21.63,32,21.0794135928154,196
"2026","Morehead St.",76.79,287,-1.19,311,0.09,167,-0.32,220,-0.46,238,-1.2,296,-0.55,254,0.686832,344,36.84,89,19.53,142,14.48,320,21.39,138,22.54,122,21.31,162,26.71,268,34.94,78,10.98,289,17.54,73,8.89,165,20.9,279,29.62,53,20.54,152,16.1,185,11.96,257,18.9832881093025,211
"2026","Morgan St.",76.61,301,0.77,83,-0.82,284,-1.14,316,-0.95,292,-1.83,330,-0.03,177,1.1012,269,30.32,230,17.35,214,14.46,321,25.96,45,20.13,192,21.83,150,30.84,220,41.81,27,18.29,164,7.53,263,0.77,333,27.39,131,15.84,336,14.62,303,15.1,219,26.55,9,15.9751832485199,235
"2026","Mount St. Mary's",77.15,222,0.22,153,-0.43,245,-0.64,267,-1.18,311,0.8,108,-0.11,196,1.70043,115,29.5,250,22.86,68,19.92,174,21.34,139,16.79,286,19.1,224,29.4,244,18.02,296,29.51,29,6.42,282,16.65,46,24.97,190,19.41,276,11.62,337,21.56,56,22.45,28,24.3588209152222,171
"2026","Murray St.",77.9,102,0.52,115,1.63,21,1.98,7,0.19,155,-1.86,332,1.07,53,1.32147,219,40.43,32,21.8,90,20.66,149,15.64,285,27.37,39,14.11,333,39.32,95,23.56,238,15.37,216,4.19,324,16.81,45,35.88,22,24.97,139,11.6,338,12.54,288,14.45,176,0,343
"2026","N.C. State",78.12,73,-0.07,185,-0.34,217,0.63,97,1.94,15,1.42,59,-0.2,213,2.02491,57,34.63,135,13.54,306,19.65,184,23.03,99,25.43,64,17.83,259,39.46,93,25.31,200,14.53,226,14.2,127,5.66,237,25.32,176,17.48,304,22.27,109,23.28,38,11.08,274,3.39223891496658,320
"2026","Navy",75.82,358,0.31,144,-2.2,359,-1.89,353,-1.97,350,-2.12,343,-0.94,294,2.31301,26,22.54,351,18.5,176,20.18,163,20.94,148,21.6,156,18.78,235,25.56,276,25.84,192,39.17,5,9.43,231,0,338,28.89,104,29.35,60,21.15,133,11.71,306,8.89,327,80.2327930927277,1
"2026","Nebraska",78.07,79,0.95,72,1.05,62,1.21,46,0.34,145,-0.22,215,1,60,2.38093,22,36.5,95,21.38,98,23.58,75,23.95,78,15.83,302,14.62,327,31.36,214,28.66,157,19.62,141,10.46,206,8.98,162,22.22,247,24.41,151,14.77,297,15.64,201,22.57,25,31.6733479499817,119
"2026","Nebraska Omaha",76.9,265,-0.27,206,-0.62,270,-1.13,313,-0.57,249,0.07,178,-0.44,234,1.63557,125,31.04,219,18.58,172,13.07,340,21.67,132,26.99,46,19.19,220,33.48,189,37.32,52,18.28,165,9.92,217,0,338,26.4,148,23.73,171,15.32,288,20.7,72,13.22,214,47.9736745357513,22
"2026","Nevada",77.18,216,0.44,121,0.53,117,-0.54,256,-0.72,275,-0.83,256,0.49,108,2.01362,59,33.13,174,16.75,231,16.23,284,23.81,84,22.27,139,20.88,171,34.02,177,25.76,194,21.44,104,15.56,100,2.87,304,30.14,81,20.72,243,14.98,294,18.59,115,15.36,152,17.2763332724571,222
"2026","New Hampshire",76.53,314,-0.87,272,-0.51,258,-1.49,334,-0.44,226,-1.07,287,-0.69,271,0.751091,331,35.11,120,25.85,25,16.92,268,12.48,340,25.37,67,19.23,218,30.67,223,46.72,13,12.2,264,3.77,330,6.25,221,46.35,1,25.8,121,8.73,358,8.45,348,10.57,292,19.4839999079704,208
"2026","New Haven",77.24,203,-0.59,228,1.09,57,-0.87,292,-0.6,252,0.17,167,0.25,146,0.189779,363,24.62,335,14.84,277,15.1,310,24.18,73,21.45,161,24.34,90,24.37,284,24.1,230,16.81,190,18.77,63,15.68,53,28.1,115,23.85,167,10.84,344,18.23,122,18.71,73,NA,NA
"2026","New Mexico",78.01,85,0.19,157,0.75,75,1.07,54,0.75,86,0.29,153,0.47,111,1.05209,277,35.72,106,22.6,72,16.38,279,12,344,22.62,120,26.41,52,61,4,13.54,335,10.77,291,3.38,336,11.32,112,31.44,67,15.51,338,18.96,196,16.42,177,17.67,89,0,343
"2026","New Mexico St.",77.08,235,0.16,159,0.26,142,-0.95,301,-0.04,186,-0.97,273,0.21,151,1.39864,197,38.5,56,10.44,344,11.35,355,31.05,5,28.98,28,18.19,251,24.76,281,39.38,39,8.59,325,13.37,142,13.9,71,32.76,44,22.04,208,4.29,365,24.6,28,16.31,128,8.55073630809784,291
"2026","New Orleans",78.01,83,0.6,101,1.17,52,1.65,19,-1.19,312,0.8,108,0.88,71,1.5101,161,33.84,157,18.8,166,16.29,281,16.25,272,25.64,62,23.01,124,32.93,199,26.86,173,11.64,279,9.57,224,19,28,24.21,212,24.7,146,21.95,117,13,275,15.95,139,10.0032009184361,282
"2026","Niagara",75.84,357,-1.35,317,-0.27,211,-0.58,262,-2.14,357,-3.5,364,-0.81,279,0.792204,327,32.11,195,14.98,272,20.89,141,23.71,87,16.98,280,23.17,118,18.06,341,36.51,57,14.24,229,15.89,96,15.02,56,20.03,291,23.25,184,13.92,314,25.9,20,16.54,120,20.111183822155,203
"2026","Nicholls",77.62,143,-0.68,254,0.59,109,1.63,21,0.43,138,-0.87,260,-0.05,183,1.82806,92,30.11,236,17.36,213,20.18,164,19.04,206,18.89,231,24.38,86,16.89,343,18.68,290,27.25,42,25.31,18,11.6,103,32,59,21.98,212,22.62,99,12.47,290,10.59,288,29.5107215642929,134
"2026","NJIT",76.83,279,0.52,116,-0.44,247,-0.07,187,-1.82,345,-1.06,286,0.04,172,0.845162,319,29.18,255,17.56,204,21.98,113,15.97,276,20.51,185,23.87,103,45.98,42,35.4,69,11.03,288,3.45,334,3.45,294,21.62,257,29.28,63,20.41,156,11.64,310,16.97,110,36.4343881607056,91
"2026","Norfolk St.",76.71,293,-1.08,298,-0.98,298,-1.83,351,-0.44,226,0.86,103,-1.03,305,1.59736,136,31.7,205,12.28,325,24.23,62,14.05,323,25.88,57,23.28,114,34.69,167,22.15,256,12.53,257,11.76,172,18.17,31,22.3,243,14.9,344,18.13,219,24.38,30,19.88,49,2.72931009531021,326
"2026","North Alabama",77.72,131,-0.7,259,-0.37,223,1.55,30,0.61,105,0.5,138,-0.54,253,1.339,215,25.15,331,19.25,149,15.48,304,20.33,164,20.85,180,23.92,101,49.01,25,19.97,280,21.05,115,6.14,288,3.38,296,36.31,17,17.05,314,21.19,131,13.13,273,12,255,37.5906407833099,79
"2026","North Carolina",79.28,6,1.91,27,2.63,3,2.16,4,1.62,24,1.1,78,2.27,10,1.22677,241,33.51,166,21.63,92,19.74,178,23.87,81,18.08,249,16.68,287,32.05,211,38,46,18.69,156,9.55,226,1.71,323,26.87,140,19.65,273,18.29,213,18.7,114,16.49,121,8.47983658313751,294
"2026","North Carolina A&T",77.78,125,0,178,-0.33,216,-0.26,212,1.01,67,1.43,57,-0.17,207,0.535086,351,37.84,71,20.24,131,22.95,88,22.65,105,19.34,212,13.63,341,57.06,9,16.03,317,10.57,297,9.81,220,5.07,249,37.51,10,21.95,213,13.89,315,11.8,302,13.61,193,9.83659103512764,283
"2026","North Carolina Central",76.22,336,-0.87,273,-0.91,294,-1.16,319,-1.44,330,-1.56,319,-0.89,287,1.12161,265,31.99,198,28.68,11,12.54,344,14.87,305,30.5,15,12.88,346,42.48,64,22.59,251,12.02,266,3.87,327,18.33,30,32.51,52,18.56,292,18.24,215,11.71,307,18.31,80,12.5620096921921,257
"2026","North Dakota",76.87,270,-0.24,202,-0.41,243,-1.44,333,-0.71,273,0.17,168,-0.33,226,0.98101,289,31.7,206,14.63,288,15.86,296,18.76,213,24.12,87,26.51,51,52.84,12,13.33,337,6.46,345,16.87,83,10,139,21.27,268,23.72,172,12.75,327,27.14,12,14.98,164,22.4343955516815,188
"2026","North Dakota St.",76.18,341,-0.09,190,-1.47,342,-2.4,362,-1.44,330,-0.69,247,-0.79,277,1.34854,211,28.22,278,21.62,93,24.92,50,12.9,337,17.31,272,22.92,128,29.71,238,25.24,203,36.4,10,3.19,337,5.05,250,32.52,51,13.79,351,24.02,68,16.73,166,12.58,239,19.4670081138611,209
"2026","North Florida",77.14,223,-1.77,341,-0.54,260,-0.23,209,0.08,169,1.13,75,-1.15,321,0.791559,328,32.32,191,22.16,82,11.34,356,15.19,292,24.05,88,26.65,49,46.42,38,12.5,345,22.56,87,10.51,203,6.67,211,14.01,360,27.66,83,26.28,37,16.95,157,14.61,174,15.9049943089485,237
"2026","North Texas",77.4,177,-0.68,253,0.06,173,-0.31,219,-0.13,195,1.03,86,-0.31,224,1.50479,163,37.05,87,18.98,156,8.2,364,15.74,281,27.35,42,29.35,19,31.09,217,34.07,91,18.59,157,10.9,192,4.75,257,22.06,248,20.07,263,23.87,70,17.42,141,16.04,136,0,343
"2026","Northeastern",77.89,103,-0.62,247,0.41,126,0.05,175,0.82,78,1.8,28,-0.11,198,1.26643,231,33.58,164,23.65,47,18.36,224,20.87,152,21.95,147,14.84,325,43.69,59,32.84,101,11.35,283,0.07,358,11.36,111,26.59,144,31.48,33,18.49,208,8.62,344,14.37,177,36.6159647703171,89
"2026","Northern Arizona",77.09,234,-0.93,286,0.19,151,0.7,94,0.2,154,-1.78,326,-0.37,230,1.22633,242,34.76,131,35.53,1,14,327,20.17,172,20.96,177,8.61,363,34.22,175,33.4,98,16.29,199,11.09,188,4,281,20.1,289,13.95,349,26.59,30,22.69,47,16.22,131,17.887219786644,216
"2026","Northern Colorado",77.69,135,-0.01,181,1.08,59,0.29,146,-0.66,264,0.8,108,0.53,100,2.04829,54,19.56,362,17.95,190,14.06,326,8.68,363,35.16,2,24.15,94,24.36,285,39.53,37,9.04,319,17.07,81,10,141,29.49,93,25.37,127,22.88,90,16.01,189,6.25,353,39.5512104034424,61
"2026","Northern Illinois",76.89,267,-0.33,210,-0.15,198,-0.49,252,-0.76,278,-0.83,255,-0.24,217,0.842155,320,38.59,53,25.18,33,16.48,277,14.29,319,22.73,118,21.1,163,51.53,18,9.15,358,10.72,293,24,23,4,281,20.78,281,18.99,282,19.37,185,25.08,24,15.63,145,0,343
"2026","Northern Iowa",77.52,159,-1.41,320,-0.37,223,0.13,170,0.88,75,1.34,65,-0.89,286,1.7968,103,26.59,314,20.14,132,17.76,239,26.16,43,17.23,274,18.34,248,8.43,363,28.49,161,44.58,1,10.46,207,7.51,188,27.98,117,20.37,252,18.77,201,16.23,181,16.11,134,60.9697580337524,5
"2026","Northern Kentucky",76.94,259,-1.43,323,-0.84,285,-0.89,295,-0.19,200,1.04,85,-1.14,319,1.16077,256,30.23,234,6.1,364,20.26,159,24.89,59,21.15,168,27.44,39,37.42,122,32.36,105,12.23,263,10.21,210,7.3,193,25.86,157,42.86,1,7.5,364,10.21,328,13.43,206,20.3946441411972,200
"2026","Northwestern",77.59,150,0.58,108,0.07,169,0.82,80,0.8,82,-1.36,314,0.32,135,1.61238,131,41.12,27,23.87,44,26.77,26,19.26,200,13.13,342,16.56,293,34.86,163,21.65,259,21.43,105,14.67,118,6.8,205,31.5,65,25.28,132,21.51,128,8.12,351,13.17,218,39.4432097673416,63
"2026","Northwestern St.",76.16,343,-0.61,243,-2.18,357,-1.57,341,-1.23,318,-0.65,243,-1.4,340,1.23624,237,40.3,35,11.17,335,16.47,278,15.09,296,20.89,179,36.18,2,34.39,172,25,210,10,308,15,114,15,57,23.4,224,25.73,122,25.91,42,15.48,205,8.65,330,32.5678616762161,113
"2026","Notre Dame",77.85,110,0.77,82,0.22,145,0.61,114,0.73,92,-0.06,194,0.49,107,2.0581,52,38.05,65,16.96,226,19.91,175,18.12,225,16.83,284,28.07,31,30.27,229,46.99,11,13.4,241,6.84,274,2.38,313,28.95,102,35.54,15,14.74,298,12.41,292,8.22,339,44.8537647724152,30
"2026","Oakland",77.38,179,-1.36,318,0.29,135,0.63,97,2.15,10,-1.82,329,-0.53,252,1.04166,280,19.65,361,26.61,19,17.44,252,20.29,168,17.69,263,17.59,265,42.4,67,26.21,186,10.66,294,20.25,47,0,338,15.39,357,21.54,222,19.71,174,30.84,2,11.96,256,21.9159424304962,193
"2026","Ohio",76.88,268,-1.02,291,0,183,-0.35,225,-1.19,313,-0.06,194,-0.51,248,2.1474,41,26.07,321,24.02,42,24.61,56,12.04,343,28.08,32,10.67,354,20.05,327,34.1,90,21.27,110,7.24,269,16.6,48,25.81,158,24.84,143,20.37,157,5.74,361,22.69,22,37.6322537660599,78
"2026","Ohio St.",77.84,112,2.69,13,0.54,116,-0.39,243,-1.44,330,0.8,108,1.62,25,2.42265,20,30.37,229,22.24,80,15.18,309,13.96,324,17.39,268,31.18,10,24.59,283,37.68,48,26.09,57,11.06,190,0.48,335,26.91,138,24.96,140,18.51,207,12.58,287,16.71,115,44.6205586194992,32
"2026","Oklahoma",77.27,199,0.09,167,1.47,31,1.35,37,-1.44,330,-2.14,344,0.78,82,2.30782,28,30.1,237,14.73,283,19.41,193,14.22,321,23.21,108,28.04,32,33.45,190,48.72,7,8.35,328,4.28,323,4.88,255,21.18,273,23.95,162,27.11,24,13.86,255,13.58,195,11.154692620039,272
"2026","Oklahoma St.",77.82,119,0.76,85,0.85,69,0.3,144,0.82,79,-0.64,240,0.81,78,1.49913,165,48.55,3,20.8,114,19.28,196,18.75,214,25.86,58,15.19,319,40.17,86,21.19,269,21.1,114,10.19,212,7.09,199,20.36,286,25.52,125,24.8,57,11.3,315,17.97,84,5.56435622274876,309
"2026","Old Dominion",77.27,198,0.94,73,-0.86,288,-0.78,282,-0.78,280,0.8,108,0.04,173,1.59215,138,30.19,235,15.66,254,21.96,116,21.94,125,18.46,241,21.46,159,34.34,173,21.08,271,23.59,76,15.05,112,5.19,245,25.71,164,18.81,288,11.55,339,23.19,39,20.18,46,22.0774278044701,191
"2026","Oral Roberts",76.75,290,-0.86,271,-1.02,302,-0.38,241,-0.44,226,-0.57,233,-0.94,293,1.07327,272,31.59,209,19.14,153,18.92,200,12.59,338,25.95,56,23.09,121,36.76,133,24.19,229,16.85,189,6.42,281,15.32,55,25.21,179,21.87,218,23.4,79,19.13,96,9.89,309,5.59661872684956,308
"2026","Oregon",78.9,13,2.08,23,2.13,10,1.29,41,1.43,47,0.54,132,2.11,13,1.8029,97,31.73,204,28.42,13,19.09,199,10.01,359,20.99,173,21.09,164,33.43,191,35.33,71,18.39,161,8.6,245,3.85,285,36.45,15,26.98,93,16.63,259,9.19,341,10.22,304,36.7530107498169,85
"2026","Oregon St.",78.45,41,1.94,25,2.54,4,0.83,79,-0.9,287,0.8,108,2.24,11,1.18844,249,37.66,73,20.37,126,20.77,144,21.59,134,14.74,325,22.23,142,23.14,300,34.66,82,16.04,205,16.19,94,9.62,152,18.82,310,22.47,202,17.6,238,14.13,247,26.83,8,22.1984222531319,189
"2026","Pacific",76.86,273,0.47,118,-0.37,223,-1.53,336,-1.29,324,0.05,179,0.05,170,2.07129,49,29.41,251,21.61,94,22.36,101,20.52,162,22.18,140,13.32,344,48.08,31,20.76,274,11.17,286,16.3,93,3.7,288,24.13,214,25.16,137,22.43,105,17.09,152,11.2,273,16.0934254527092,233
"2026","Penn",77.95,95,-0.59,228,1.4,33,0.12,171,1.38,48,0.45,141,0.41,122,1.36556,203,23.36,346,10.21,347,21.65,130,21.07,146,31.87,9,15.21,318,64.36,3,22,258,5.95,349,4.5,319,3.19,298,22.36,242,38.37,9,15.31,289,18.97,103,4.99,363,39.4328713417053,64
"2026","Penn St.",78.77,19,1.37,46,0.9,66,0.71,92,1.56,27,2.28,14,1.14,45,0.719247,338,34.55,139,14.51,290,14.46,322,22.32,112,24.04,90,24.54,84,33.23,193,24.97,212,12.39,260,14.25,125,14.95,58,21.49,262,18.69,290,22.4,107,14.54,240,22.81,20,15.5902892351151,240
"2026","Pepperdine",78.33,47,0.75,87,1.91,14,0.17,167,0.81,80,0.95,96,1.33,33,1.09339,270,24.34,337,12.14,327,9.72,362,23.12,97,30.49,16,23.86,104,15.47,354,16,318,21.53,99,20.76,43,25.41,10,15.83,355,11.38,362,27.6,20,16.91,158,27.24,5,9.63901281356812,287
"2026","Pittsburgh",77.39,178,0.41,124,0.12,165,-0.16,200,0.16,158,-0.6,236,0.27,140,1.83145,90,28.16,279,16.69,232,22.79,90,19.77,186,20.68,182,19.8,199,42.45,65,30.75,127,10.29,305,7.68,259,8.35,172,34.25,30,23.49,178,17.75,232,5.32,362,18.8,72,24.2456361651421,174
"2026","Portland",78.47,37,1.14,59,0.63,92,1.69,17,1.88,18,0.03,181,0.89,69,0.620812,347,35.25,116,25.61,29,16.87,271,13.49,330,20.1,194,23.94,99,39.58,92,22.72,248,27.03,46,6.39,283,4.27,270,27.14,135,24.6,149,21.07,137,8.58,345,18.61,76,12.4183788895607,259
"2026","Portland St.",77.87,108,-0.01,180,0.63,92,0.32,141,0.55,122,0.86,104,0.31,136,1.27913,230,27.47,299,17.02,223,18.41,221,16.44,269,28.3,31,19.48,209,45.45,45,20.34,277,20.51,127,11.29,182,1.67,324,29.38,96,27.08,91,17.02,253,15.55,203,10.59,290,42.6493257284164,45
"2026","Prairie View A&M",76.26,332,-1.47,325,-0.37,223,-1.56,339,-1.43,329,-0.88,262,-0.92,291,1.35502,208,25.26,329,17.78,199,23.75,69,20.81,154,20.05,196,17.02,281,8.28,364,23.63,235,15.83,209,19.01,58,32.83,6,32.55,48,26.23,109,18.58,205,13.49,262,8.09,340,11.8433699011803,265
"2026","Presbyterian",77.91,98,0.07,169,0.21,147,0.63,97,0.98,70,0.67,124,0.14,156,1.03816,281,28.93,262,27.48,16,17.52,248,14.71,309,17.8,257,22.09,144,47.76,35,24.28,227,17.31,182,4.19,325,6.02,228,35.05,25,37.56,11,7.88,362,6.32,359,12.89,225,35.3990614414215,97
"2026","Princeton",76.96,255,-1.16,307,0.15,160,0.21,161,-0.48,241,-0.95,271,-0.5,247,0.909282,302,27.87,289,13.11,315,12.39,346,19.65,191,21.95,145,32.68,6,18.77,338,27.7,167,20.5,128,21.52,35,11.37,109,18.86,308,26.82,95,19.75,173,19.14,95,14.91,166,39.0211194753647,70
"2026","Providence",77.75,129,-0.44,219,-0.1,194,1.02,63,1.07,65,0.21,163,-0.27,220,2.02942,56,37.44,79,11.08,336,15.61,302,24.62,66,24.71,77,23.73,107,22.41,308,31.29,121,22.38,91,18.93,60,4.72,259,33.13,40,25.68,123,13.78,318,15.2,214,11.91,258,31.066232919693,127
"2026","Purdue",77.85,111,3.5,4,0.19,151,-0.6,264,-0.26,211,-0.63,238,1.85,16,2.36241,24,36.82,90,21.65,91,20.5,155,24.29,70,10.98,363,22.19,143,48.1,30,34.74,81,2.05,361,8.5,248,6.04,227,32.7,46,28.11,81,9.33,356,11.77,304,17.58,91,55.5666863918304,8
"2026","Purdue Fort Wayne",76.36,326,-0.99,288,0.63,92,-1.82,350,-1.83,346,-1.2,296,-0.18,211,1.84682,89,26.11,320,10.69,342,13.75,331,27.43,29,23.47,104,24.59,82,37.12,126,37.37,51,6.82,343,4.55,317,13.64,77,31.18,69,15.87,335,13.95,313,15.66,199,23.12,18,28.4616619348526,140
"2026","Queens",78.24,60,-0.24,201,0.89,67,0.72,90,1.56,27,1.26,67,0.33,133,1.36713,202,30.32,231,21.35,101,16,290,20.91,151,21.81,149,19.66,205,32.07,210,18.94,286,4.04,356,34.54,2,9.81,143,23.16,234,24.85,142,18.56,206,17.83,131,15.22,158,36.6075366735458,90
"2026","Quinnipiac",78.05,82,0.93,74,0.13,164,0.82,82,0.81,81,0.54,133,0.53,101,1.32663,217,32.62,186,13.86,304,23.84,66,28.62,16,15.6,307,17.54,266,32.46,205,18.84,287,12.32,261,31.66,7,4.16,278,37.61,9,22.74,195,22.96,88,5.3,363,10.66,286,32.2139739990234,117
"2026","Radford",77.16,217,-0.47,223,0.21,146,-0.16,203,-0.43,224,-0.29,220,-0.13,202,1.49609,166,32.53,187,13.26,312,23.19,84,21.74,128,22.58,121,19.22,219,26.97,267,24.65,219,21.13,113,18.58,64,8.67,168,25.78,162,31.64,31,19,193,13.6,260,9.98,308,0,343
"2026","Rhode Island",76.92,263,-0.59,228,-0.01,184,-0.91,297,-0.72,274,-0.2,201,-0.3,223,2.65176,7,35.5,111,14.64,287,19.73,180,27.44,28,20.41,186,17.45,271,39.89,90,25.4,198,21.46,103,7.56,261,5.13,248,25.11,182,17.46,305,25.99,40,18.55,116,12.44,245,0,343
"2026","Rice",77.08,237,0.38,136,-0.7,278,-1.37,329,-0.13,197,0.2,165,-0.16,206,2.09886,47,34.14,150,10.77,339,18.26,229,24.96,57,29.93,21,15.76,307,39.06,98,38.3,43,9.38,317,5.51,305,7.17,196,21.71,254,27.91,82,18.98,195,16.38,178,14.62,173,28.7297904491425,139
"2026","Richmond",76.58,309,0.59,106,-0.58,265,-0.22,208,-1.17,310,-2.82,356,0,175,2.13361,42,43.86,11,21.09,108,17.02,266,20.54,160,18.7,236,21.97,147,58.21,6,22.05,257,10.77,290,0.81,357,6.88,204,27.62,125,34.72,21,17.23,249,7.32,357,12.03,253,44.3931043148041,35
"2026","Rider",77.6,146,0.66,94,0.16,159,-0.37,228,0.79,83,-0.31,221,0.41,121,0.739761,334,40.2,36,13.92,301,13.16,337,26.33,41,25.42,66,20.63,179,30.61,226,12.78,341,36.12,11,6.53,280,12.7,88,30.59,75,9.15,365,30.22,10,22.25,50,6.67,348,26.2555509805679,159
"2026","Robert Morris",77.32,190,0.19,156,0.56,113,0.32,138,0.08,172,-1.59,321,0.38,126,1.07269,273,31.63,207,27.21,18,21.71,127,15.76,280,15.09,317,19.96,195,36.84,132,31.4,120,17.65,174,9.56,225,4.17,274,43.48,3,22.64,197,10.48,351,15.71,197,7.14,345,11.6526015102863,268
"2026","Rutgers",77.91,99,0.13,161,0.63,92,2.07,6,-0.36,220,0.03,180,0.38,125,1.42229,186,32.02,196,14.14,295,20.96,139,28.14,22,16.1,299,20.04,191,40.81,82,14.83,327,16.14,202,17.58,71,10.12,135,32.03,57,16.74,320,22.56,101,11.37,314,16.3,129,20.6479281187057,199
"2026","Sacramento St.",77.84,113,1.08,65,0.63,92,-0.42,245,-0.44,226,1.35,63,0.86,74,1.18261,250,22.7,349,28.37,14,9.77,361,18.61,219,23.04,112,19.96,194,22.08,311,30.19,135,22,94,19.01,57,6.54,215,33.27,35,17.21,311,15.96,275,22.41,49,10.88,279,0,343
"2026","Sacred Heart",77.19,214,-0.39,216,0.03,178,-0.18,205,-0.65,261,0.1,174,-0.18,209,1.8599,86,34.45,142,25.46,30,16.22,285,16.14,273,22.65,119,18.96,227,16.45,348,10.33,354,29.5,30,27.12,12,16.02,52,23.2,232,21.98,211,15.7,281,19.44,88,18.84,68,39.9903982877731,59
"2026","Saint Francis",76.7,294,-2.01,351,-1.37,329,0.22,159,-0.44,226,0.14,173,-1.69,354,1.29336,224,34.75,132,11.79,331,26.06,38,24.01,75,18.92,230,19.23,217,21.24,318,28.04,164,18.79,154,19.89,50,12.04,95,13.32,361,24.25,155,27.25,23,19.09,97,16.08,135,8.01913216710091,297
"2026","Saint Joseph's",77.35,185,0.08,168,0.01,181,0.3,145,-0.19,202,-0.44,229,0.05,171,1.59635,137,28.37,275,14.45,291,20.05,170,20.08,175,18.52,240,26.64,50,28.79,248,13.02,340,30.52,23,17.11,79,9.92,142,15.9,351,20.54,249,20,167,28.28,5,15.09,161,45.3030943870544,29
"2026","Saint Louis",77.82,118,0.41,124,-0.12,195,0.31,142,1.34,53,0.16,170,0.15,155,2.19881,36,42.01,20,18.93,158,17.5,250,26.4,40,19.79,201,17.07,279,24.05,289,22.91,242,18.48,160,12.89,148,21.14,23,17.71,331,17.84,299,19.06,191,17.76,133,27.41,4,23.0690732598305,181
"2026","Saint Mary's",78.61,27,3.76,2,0.33,131,0.06,174,0.1,166,1.8,28,2.04,14,0.738867,335,35.13,119,12.48,323,25.31,47,11.65,347,30.69,14,19.87,197,48.34,29,24.7,218,17.73,172,5.79,298,3.44,295,29.13,99,28.53,70,13.86,316,14.93,226,13.55,198,31.2163054943085,123
"2026","Saint Peter's",77.07,240,-0.91,281,-0.39,240,-0.42,246,-0.11,193,0.23,159,-0.65,264,1.00744,282,41.5,25,15.36,265,14.15,325,10.4,357,34.86,3,25.22,70,28.57,250,31.71,115,8.29,331,16.86,84,14.57,65,31.13,71,23.77,169,7.6,363,18.97,102,18.52,77,30.3700000047684,131
"2026","Sam Houston St.",76.79,286,0.16,160,-0.46,248,-1.18,321,-0.69,272,-0.93,267,-0.15,204,1.17573,253,38.1,64,19.99,134,17.41,253,15.48,287,22.91,115,23.33,112,40.15,88,14.58,329,8.18,332,31.61,8,4.17,274,20.96,276,20.08,262,9.89,354,31.5,1,16.67,116,3.701551258564,318
"2026","Samford",75.84,356,-0.69,258,-1.71,349,-1.97,355,-2.23,358,-1.2,296,-1.2,326,1.31603,222,27.51,298,21.94,88,10.87,358,19.95,178,26.49,51,20.62,180,37.96,110,19.99,279,21.68,97,8.57,246,11.47,107,22.81,237,25.05,138,17.93,226,15.1,218,18.86,67,2.00032014399767,333
"2026","San Diego",76.42,322,-1.11,300,-1.14,310,-0.31,218,-1.11,304,-1.2,296,-1.12,318,2.11018,46,37.97,68,16.11,245,15.81,297,14.53,313,24.31,83,29.23,21,32.92,200,20.92,273,15.38,215,30.77,9,0,338,29.62,89,16.84,319,16.31,268,12.82,283,24.41,15,0,343
"2026","San Diego St.",77.6,145,-0.62,248,-0.7,277,0.28,148,1.56,27,0.41,144,-0.66,265,1.9189,76,43.22,13,21.83,89,27.38,19,19.26,201,23.78,95,7.14,365,30.83,221,47.36,10,5.98,348,6.67,278,6.67,211,24.55,200,16.33,329,30.24,9,15.53,204,12.72,232,47.2669005393982,25
"2026","San Francisco",77.68,137,0.56,111,-0.44,246,0.63,97,1.69,22,-1.09,291,0.07,168,1.92931,74,28.71,267,19.13,154,18.47,216,22.66,104,14.27,331,24.75,80,33.93,181,15.93,320,22.11,93,12.66,151,14.16,69,25.36,173,34.03,23,22.14,110,7.54,356,9.86,310,39.065346121788,69
"2026","San Jose St.",76,351,-0.49,225,-1.89,351,-1.56,339,-2.01,351,-1.09,289,-1.19,323,1.23581,238,26.86,308,18.28,182,10.47,359,18.69,215,15.77,303,36.56,1,42.24,69,43.09,21,9.65,314,0,359,4.35,268,43.97,2,23.1,188,10.67,348,6.25,360,15.57,148,17.5817355513573,220
"2026","Santa Clara",78.33,48,0.73,88,1.35,40,1.85,12,0.7,95,-0.01,189,1.04,56,0.98426,288,33.22,171,20.12,133,11.6,351,20.77,156,24.93,70,21.94,148,36.52,138,27.05,171,14,232,7.84,255,13.92,70,25.67,165,29.94,48,13.51,320,20.08,79,10.17,305,29.4391483068466,135
"2026","Seattle",76.86,275,0.58,108,0.29,137,-1.61,343,-1.12,305,-0.88,263,0.43,117,1.42966,181,35.11,121,17.23,217,22.8,89,14.17,322,13.03,346,32.28,7,72.22,1,3.06,365,10.38,303,12.39,159,1.31,327,18.4,319,26.37,103,16.49,264,16.2,183,21.99,30,43.4017479419708,43
"2026","Seton Hall",76.41,323,-0.18,197,-0.99,300,-1.15,317,-0.15,198,-2.48,347,-0.58,258,2.25694,31,41.97,21,20.72,119,20.13,169,19.65,192,21.14,169,18.23,250,46.01,40,20.95,272,9.72,311,14.82,116,8.2,176,25,189,17.33,308,20.52,153,20.8,69,16.15,133,5.33696599304676,311
"2026","Siena",77.1,233,0.26,149,-0.37,223,0.54,121,0.25,151,-2.2,345,-0.05,185,1.14697,261,25.57,324,21.28,104,19.74,179,19.76,187,24.04,89,15.07,323,48.52,28,11.99,347,20.67,123,15.27,106,3.1,300,29.86,86,24.64,148,25.08,52,14.39,242,5.91,358,47.5964605808258,23
"2026","SIUE",78.01,84,1.93,26,1.33,41,1.05,58,0.08,173,-1.34,313,1.63,22,1.34721,212,33.93,154,10.86,338,29.85,8,23.92,79,16.52,291,18.79,234,16.82,345,34.5,85,27.6,39,12.77,150,8.24,175,13.21,362,17.32,309,29.1,13,22.21,51,18.07,83,43.8541680574417,39
"2026","SMU",77.88,105,3.58,3,-0.34,218,-0.15,197,0.09,167,-0.78,251,1.62,24,2.81148,2,19.47,363,19.49,143,13.24,336,19.1,204,21.35,164,26.71,47,41.38,75,25.98,190,17.4,178,9.2,235,5.76,235,22.62,240,18.34,295,25.46,47,19.49,87,13.95,186,37.5202596187592,80
"2026","South Alabama",77.26,201,-1.27,314,-0.36,221,0.14,169,0.62,104,0.16,169,-0.81,280,0.877803,311,26.66,313,28.59,12,30.07,7,17.86,236,8.59,364,14.32,330,22.21,310,35.56,66,20.33,132,13.46,140,7.8,184,18.32,320,20.23,257,20.83,145,27.78,8,12.23,251,22.8430762887001,183
"2026","South Carolina",77.83,115,0.69,92,0.52,118,1.01,64,0.5,127,-0.59,235,0.61,96,2.30622,29,35.78,104,20.31,128,18.38,222,14.83,306,20.65,183,25.6,63,23.45,296,18.58,292,37.93,6,13.46,139,6.45,216,21.38,266,21.09,234,22.77,93,15.97,193,18.51,78,8.50910395383835,292
"2026","South Carolina St.",77.97,91,1.22,49,0.36,130,0.63,97,1.35,51,-0.73,249,0.79,81,0.424232,359,49.18,2,11.71,332,22.37,100,21.89,126,24.89,72,19,226,33.95,179,29.6,146,15.97,206,17.55,72,2.38,312,21.45,264,23.87,164,26.43,33,15.16,216,12.87,227,27.2665411233902,152
"2026","South Dakota",77.37,182,0.66,95,-1.69,348,-0.44,248,0.49,128,0.81,107,-0.52,250,0.95388,297,41.58,23,15.95,249,20.75,145,27.91,23,14.32,330,20.74,174,35.43,155,11.51,352,11.63,280,33.49,4,7.28,194,26.09,154,23.37,181,17.92,227,20.71,71,11.41,268,28.2593458890915,143
"2026","South Dakota St.",76.58,308,0.29,148,0.07,171,-2.37,360,-0.87,283,-1.2,296,0.18,153,1.39907,196,29.58,248,20.82,112,15.73,298,24.22,71,19.43,209,19.8,200,36.34,143,35.81,63,9.49,316,11.21,186,7.14,197,26.85,141,19.96,266,15.7,280,18.84,106,18.64,74,54.0856838226318,11
"2026","South Florida",77.15,221,0.05,172,-0.88,290,-0.37,228,-0.67,266,0.62,127,-0.41,232,1.6247,128,32.85,179,18.82,163,17.13,261,25.88,48,19.63,204,17.98,256,41.29,76,19.42,283,18.01,167,13.85,133,6.7,206,36.2,19,16.08,333,22.08,112,15.36,209,9.53,315,10.7706800103188,275
"2026","Southeast Missouri",76.17,342,-0.49,224,-2.37,361,-1.63,345,-0.49,242,-1.2,296,-1.43,342,1.27978,229,31.59,209,17.29,216,17.06,264,17.5,247,29.99,20,17.9,258,36.67,136,17.14,304,6.79,344,19.35,56,20,24,15.59,356,21.08,235,27.37,22,26.39,18,9.24,319,51.4795124530792,18
"2026","Southeastern Louisiana",76.6,304,-1.45,324,-0.53,259,-0.82,289,0.38,139,-1.6,322,-0.99,298,1.4135,189,37.2,84,14.83,279,24.38,61,20.33,165,24.54,78,15.93,304,37.81,113,24.9,214,9.93,310,16.55,90,10.66,125,18.53,314,17.2,312,19.15,188,27.65,9,17.38,100,28.9700001478195,138
"2026","Southern",76.66,296,-0.76,263,-1.23,315,-1.34,327,-0.62,256,0.27,155,-1,299,0.87606,313,41.27,26,17.42,210,18.35,226,14.55,312,16.84,283,32.85,5,38.26,107,34.32,88,19.34,146,3.83,328,4.25,272,31.46,66,12.7,358,14.34,309,18.32,121,23.17,17,38.9547795057297,72
"2026","Southern Illinois",76.87,271,0.6,103,-0.71,279,-0.72,276,-0.97,295,-0.9,264,-0.05,186,1.70088,114,35.49,112,19.34,145,21.46,132,14.92,301,17.02,277,26.91,45,38.44,104,43.52,19,3.98,358,8.9,242,4.52,263,30.75,74,27.53,85,17.74,234,12.16,296,11.22,272,39.4618839025497,62
"2026","Southern Indiana",75.94,352,-0.66,251,-1.04,304,-2.63,363,-2.44,359,-0.48,230,-0.85,284,1.34455,214,33.83,158,15.65,255,19.34,195,14.53,314,27.48,38,23.01,125,29.62,239,31.22,122,21.31,109,14.29,124,3.57,291,33.25,36,31.35,34,10.08,352,10.07,330,15.25,157,5.74116706848145,306
"2026","Southern Miss",77.99,87,-0.54,226,-0.41,242,0.37,132,1.56,27,2,24,-0.47,239,0.876703,312,34.96,123,9.14,353,26.04,39,31.61,4,11.39,358,21.83,151,40.89,81,18.81,288,19.61,143,6.81,275,13.88,72,21.24,269,28.35,76,21.02,139,8.12,350,21.27,35,2.46399994939566,329
"2026","Southern Utah",78.29,56,1.17,56,1.08,58,1.17,48,1.04,66,-0.01,187,1.12,47,1.05778,276,37.58,75,21.22,106,24.57,58,10.95,353,23.69,98,19.25,216,24.23,287,40.32,32,14.29,227,8.77,243,11.82,98,33.17,37,30.04,47,14.4,306,11.54,312,10.38,297,7.62659311294556,299
"2026","St. Bonaventure",76.43,321,0,178,-0.05,189,-1.89,352,-1.12,306,-1.78,326,-0.03,178,1.48512,168,20.73,356,16.89,227,22.13,108,22.28,117,13.09,343,25.52,65,30.5,227,34.55,84,20.09,138,10.48,204,4.25,273,25.01,186,24.04,158,17.23,248,20.86,68,12.7,234,4.52254265546799,316
"2026","St. John's",78.14,71,-0.03,182,0.2,150,0.34,136,1.56,27,1.61,47,0.08,165,2.06243,51,38.71,50,23.15,61,20.65,150,21.03,147,20.14,191,14.37,329,34.44,169,16.82,308,5.27,352,8.44,249,34.29,4,22.97,235,19.9,267,20.88,143,17.32,145,18.29,81,21.9526350498199,192
"2026","St. Thomas",77.16,218,-1.48,326,-0.92,295,-0.36,226,0.85,77,0.73,119,-1.2,325,0.869457,315,33.79,159,18.84,162,18.18,230,21.23,141,27.63,36,14.04,334,22.86,304,7.48,360,7.91,335,14.23,126,47.31,1,18.14,323,22.03,209,23.61,72,19.8,83,16.33,126,41.3340002298355,50
"2026","Stanford",77.33,189,0.21,155,1.07,61,0.41,124,-1.81,344,-0.2,201,0.64,94,1.17961,251,27.59,294,15.97,248,22.08,110,15.7,283,26.78,49,19.47,210,34.21,176,29.89,139,23.04,82,4.58,316,8.29,174,24.42,203,23.44,180,19.17,186,19.61,85,13.36,209,32.4839353561401,114
"2026","Stephen F. Austin",75.74,360,-1.19,310,-2.19,358,-3,365,-1.74,342,-0.2,201,-1.69,353,1.45063,176,27.32,300,9.72,349,8.08,365,33.33,3,19.33,213,29.17,22,44.08,56,38.29,44,3.98,357,0,359,13.04,85,29.52,92,18.4,294,14.36,308,10.2,329,27.19,6,26.8974632024765,154
"2026","Stetson",76.44,319,0.54,114,-0.68,274,-0.56,259,-0.93,291,-3.22,362,-0.07,189,0.507514,356,39.29,43,18.56,173,19.72,181,23.53,88,22.43,128,15.14,322,20.61,325,12.39,346,32.94,18,26.75,13,6.42,217,25.52,168,22.14,207,16.47,265,16.85,160,18.61,75,16.891148686409,227
"2026","Stonehill",77.51,160,-0.06,184,-0.48,253,-0.89,294,0.51,125,1.49,53,-0.27,221,1.51683,157,31.8,203,16,247,17.61,247,17.84,237,31.27,11,16.92,283,38.46,103,29.78,141,11.93,270,6.7,277,12.5,90,20.94,277,27.08,90,25.39,48,13.15,272,12.91,223,28.2801389694214,142
"2026","Stony Brook",77.82,120,0.37,137,-0.47,251,-0.09,189,0.64,102,1.58,48,-0.05,184,1.66178,120,25.26,330,14.68,286,15.06,311,29.78,11,24.79,74,15.22,317,36.36,142,31.72,114,4.44,354,10.21,211,17.06,41,27.64,124,23.15,186,18.36,211,19.32,91,11.06,275,18.6853215098381,212
"2026","Syracuse",78.49,35,-0.59,228,1.58,25,0.74,89,1.56,27,2.16,17,0.5,106,1.40314,194,33.16,172,13.91,302,29.41,10,15.01,297,23.69,99,17.98,255,44.14,55,36.81,55,5.47,351,5.36,309,7.78,185,22.78,238,23.51,177,19.16,187,16.85,161,17.52,93,5.77920116484165,305
"2026","Tarleton St.",76.03,350,-2.09,352,-1.41,339,-0.95,302,-1.15,307,-1.24,309,-1.75,355,1.57004,144,37.83,72,19.43,144,22.72,93,9.48,362,29.51,22,18.72,239,37.59,117,24.86,215,11.87,272,15.73,99,9.66,149,36.03,21,19.67,272,16.92,254,17.65,136,9.62,311,24.8680204153061,166
"2026","TCU",76.49,318,-1.63,337,-0.41,241,0.16,168,-1.49,337,-1.2,296,-1.02,302,1.69908,116,31.91,200,18.18,183,19.35,194,25.91,47,24,92,12.54,347,33.35,192,18.6,291,25.08,64,16.9,82,5.97,229,21.22,271,26.27,106,30.09,11,8.03,353,14.18,181,24.3243783712387,173
"2026","Temple",77.1,232,-0.91,283,-1.28,323,-0.68,273,-0.44,226,1.8,28,-1.1,316,2.01011,61,21.17,354,9.47,351,27.62,15,22.12,120,16.41,295,24.38,87,29.18,246,16.24,314,17.22,184,18.95,59,17.95,35,23.24,230,21.3,231,17.22,250,19,101,19.14,61,17.605647444725,219
"2026","Tennessee",78.34,46,1.37,47,2.29,9,1.78,13,-0.54,245,-0.2,201,1.83,18,1.5537,148,42.66,18,26.25,23,26.06,37,15.19,293,11.64,357,20.86,172,39.43,94,25.1,208,26.57,47,6.26,286,2.65,310,22.29,244,26.49,100,28.36,18,14.08,250,8.78,329,19.5295765995979,207
"2026","Tennessee Martin",78.14,69,-0.91,280,-0.2,202,1.16,49,2.01,13,1.69,45,-0.55,255,0.742647,333,25.38,328,22.86,69,18.7,208,29.95,10,19.04,225,9.46,361,38.21,108,18.21,294,23.27,79,13.16,145,7.14,198,21.56,259,22.4,203,21.61,121,26.44,17,7.99,341,32.1455031633377,118
"2026","Tennessee St.",76.98,251,-1.16,305,-0.86,286,0.61,113,0.13,162,-0.85,259,-1.01,301,1.62963,126,28.43,273,14.53,289,24.59,57,24.76,64,12.63,348,23.33,111,49.75,22,24.72,217,11.82,273,6.39,284,7.07,201,32.95,42,26.99,92,11.86,335,3.27,365,24.55,14,37.2486233711243,84
"2026","Tennessee Tech",76.57,311,-1.69,338,-1.46,341,-1.19,322,0.53,123,-0.32,222,-1.57,347,0.849856,318,40.17,37,29.74,8,10.92,357,27.08,32,21.76,150,10.5,356,37.45,121,12.55,343,7.63,339,37.76,1,4.61,260,29.42,95,19.79,270,15.35,286,16.61,170,18.81,70,16.916698217392,226
"2026","Texas",78.31,54,1.14,61,0.66,87,1.47,34,0.78,85,0.51,137,0.9,68,2.61433,8,37.47,78,26.43,22,15.64,299,18.98,207,20.14,190,18.81,233,40.16,87,23.13,240,19.8,140,9.82,219,7.09,200,36.24,18,17.84,298,14.1,312,14.93,227,16.89,113,31.0587853193283,128
"2026","Texas A&M",77.45,170,1.41,43,-0.13,196,-0.16,201,-0.64,259,-0.24,216,0.64,92,2.50188,14,40.55,31,13.79,305,23.82,67,17.94,231,21.02,172,23.16,119,53.59,10,15.5,321,9.69,313,9.44,230,11.43,108,24.4,208,24.3,153,23.18,84,10.85,320,17.02,108,0.643144780769944,336
"2026","Texas A&M Corpus Chris",76.58,307,-1.39,319,-0.3,212,-0.82,290,-1.26,322,-0.36,223,-0.84,283,0.464884,357,35.68,108,29.07,10,16.86,272,13.53,329,17.94,252,22.25,141,37.07,129,36.88,54,12.69,254,7.2,270,5.79,234,31.38,68,23.85,166,19.6,182,12.43,291,12.38,249,16.2421211600304,232
"2026","Texas Southern",77.52,156,-0.59,228,-0.37,223,1.01,66,0.98,71,-0.4,227,-0.48,241,1.64449,123,45.82,5,7.36,361,22.78,91,28.3,19,25.04,69,16.52,294,21.15,320,37.68,47,19.85,139,15.07,111,6.25,220,14.64,358,25.96,115,28.62,17,17.29,147,13.49,201,33.9019358158112,106
"2026","Texas St.",76.76,289,-1.01,289,-0.9,292,-0.37,228,-0.58,251,-0.36,224,-0.95,295,1.42956,182,35.64,109,21.61,95,24.79,53,17.25,252,18.34,245,17.5,269,37.17,124,34.36,87,21.04,117,3.82,329,3.02,303,27.33,133,24.57,150,17.25,247,16.85,162,13.37,208,16.9718340039253,225
"2026","Texas Tech",77.05,243,-0.61,242,-1.94,355,-0.37,228,0.47,132,0.68,122,-1.27,330,2.19337,37,22.6,350,27.29,17,16.5,276,16.76,262,21.6,155,17.76,261,36.38,141,25.08,209,16.35,197,10.52,201,11.54,105,34.73,27,24.36,152,14.33,310,12.64,285,13.58,196,26.7384380102158,155
"2026","The Citadel",76.92,262,-2.1,353,-1.27,320,-0.04,185,0.7,96,0.34,150,-1.68,352,0.885373,309,35.69,107,17.92,192,27.12,24,23.43,90,16.39,296,15.15,321,40.52,83,21.48,264,13.77,234,12.56,153,11.67,100,25.32,175,12.65,359,18.2,217,26.64,14,17.2,104,36.4143908023834,92
"2026","Toledo",76.76,288,0.32,142,-0.05,188,-1.39,330,-1.91,348,-0.2,201,0.14,157,1.41332,190,23.41,345,19.29,147,20.69,148,18.93,208,18.07,250,22.88,129,28.11,258,35.3,72,14.61,224,9.46,228,12.36,93,18.31,321,32.32,29,15.75,279,11.66,309,21.89,31,22.8124931454659,184
"2026","Towson",78.12,72,0.59,104,1.53,28,0.98,71,0.75,87,-0.2,201,1.06,55,1.89553,81,25.47,327,6.84,363,26.29,35,21.26,140,21.51,158,24.1,95,45.48,44,6.24,362,28.76,34,19.51,54,0,338,21.68,256,21.37,229,28.72,15,19.66,84,8.56,334,38.3041352033615,77
"2026","Troy",77.41,176,-0.59,228,0.58,110,0.99,67,-0.91,288,-0.01,188,0,176,1.3161,221,19.35,364,16.63,235,21.41,134,20.93,150,14.9,322,26.05,53,18.98,337,38.39,42,20.95,120,4.45,320,17,42,19.21,304,35.12,18,20.63,149,11.51,313,13.44,204,43.7163382768631,40
"2026","Tulane",77.34,188,-0.85,269,-1.28,322,-0.36,227,0.43,136,1.8,28,-1.07,309,1.9399,72,24.81,333,14.72,284,18.73,207,13.95,326,30.89,12,21.71,154,23.36,297,22.47,253,23.57,77,18.09,66,12.5,91,22.91,236,26.08,113,18.03,224,21.3,58,11.68,260,43.64033639431,41
"2026","Tulsa",77.43,175,-0.89,276,-0.26,210,0.44,123,-0.09,191,0.98,90,-0.57,257,1.55728,147,32,197,14.33,292,19.46,191,17.8,239,23.6,101,24.81,79,32.58,204,21.57,262,13.79,233,8.55,247,23.52,15,15.84,353,25.36,128,25.54,45,12.98,277,20.28,44,10.9620898962021,273
"2026","UAB",76.34,327,-1.59,331,-0.23,206,-0.33,223,-1.17,309,-2.04,341,-0.91,289,1.61804,129,32.22,192,14.7,285,17.12,262,30.4,7,15.71,305,21.5,157,39.86,91,30.09,137,5.56,350,13.56,138,10.35,130,26.94,137,28.44,75,19,194,14.2,246,10.77,283,0,343
"2026","UC Davis",76.94,260,-0.59,228,0.77,73,0.03,178,-1.35,328,-1.2,296,0.09,161,1.21859,244,29.16,257,22.04,87,21.34,135,15.79,278,12.53,351,27.79,35,16.86,344,29.73,144,26.52,49,17.6,69,8.88,166,33.75,32,18.83,287,17.34,245,17.73,134,11.6,262,38.571771979332,76
"2026","UC Irvine",77.89,104,0.99,69,0.41,127,-0.6,263,0.56,109,1.13,76,0.7,87,0.73047,336,30.75,225,7.14,362,21.96,117,15.18,294,37.22,1,18.5,243,30,234,16.14,316,8.86,320,20.44,44,24.56,12,24.49,202,16.85,318,25.68,43,10.24,326,22.74,21,22.6456642150879,185
"2026","UC Riverside",78.33,52,-0.24,200,0.14,161,0.29,146,1.56,27,2.87,5,-0.05,182,0.906782,303,20.48,357,17.5,207,20.15,166,13.95,325,24.24,85,24.07,97,21.91,313,22.3,255,32.56,20,15.33,105,7.73,187,25.28,177,31.54,32,10.76,347,14.8,232,17.47,95,0,343
"2026","UC San Diego",78.1,75,0.62,97,-0.48,254,-0.37,228,1.56,27,2.17,16,0.07,167,1.07055,274,29.51,249,16.89,228,23.25,81,20.6,159,21.3,165,17.5,268,19.09,336,17.69,300,23.22,80,24.54,22,14.89,60,17.89,327,26.13,110,19.61,181,22.65,48,13.17,217,8.50838050246239,293
"2026","UC Santa Barbara",77.78,127,-1.59,331,0.63,92,0.98,69,0.06,176,1.8,28,-0.48,241,1.91487,77,23.88,340,15.02,271,22.2,106,16.93,259,22.3,135,22.92,127,41.58,72,22.78,246,28.66,36,5.96,295,0,338,27.19,134,20.75,241,18.09,222,26.47,16,7.03,346,24.3418946862221,172
"2026","UCF",78.69,24,1.82,28,1.16,53,0.51,122,1.56,27,1.44,56,1.49,27,2.36904,23,35.45,113,18.79,167,21.88,122,17.95,230,24.45,81,16.94,282,35.36,156,33.73,93,18.57,158,5.98,294,6.36,218,16.41,348,29.67,52,23.47,76,13.12,274,17.34,101,0.0401010533096269,341
"2026","UCLA",78.33,51,1.16,57,1.4,34,0.81,83,0.15,159,1.12,77,1.28,34,2.57686,10,28.48,272,17.14,220,28.22,12,14.96,299,19.14,221,20.22,188,38.76,101,16.52,312,26.44,50,10.57,199,7.02,203,28.05,116,19.69,271,22.14,111,15.99,191,13.67,191,41.3975805044174,49
"2026","UMass Lowell",76.26,333,-1.83,347,-1.37,329,0.19,163,-1.74,343,-0.96,272,-1.6,349,0.708184,341,27.56,297,23.5,50,25.73,42,14.74,308,17.44,267,18.5,244,35.55,153,30.3,134,8.29,330,12.4,158,13.16,82,27.48,129,20.18,259,20.91,142,17.26,149,13.83,187,0.0180086441105232,342
"2026","UMBC",76.99,250,-0.41,217,-0.94,296,-0.8,285,-0.53,244,0.61,129,-0.67,267,0.713998,339,30.29,232,15.5,262,19.63,185,23.15,96,19.18,220,21.76,152,49.28,23,34.43,86,6.34,346,0.87,356,7.83,183,18.76,312,28.75,67,14.73,299,17.38,142,19.71,53,16.7650654911995,228
"2026","UNC Asheville",78.41,43,0.55,113,0.66,88,1.78,14,1.62,25,0.48,140,0.6,97,1.66638,119,27.67,292,17.44,209,12.02,349,24.95,58,17.75,258,27.83,34,35.75,152,35.03,75,27.24,43,1.98,351,0,338,29.09,100,28.47,73,17.02,252,12.94,279,12.49,243,27.8379619121552,146
"2026","UNC Greensboro",75.82,359,-0.89,274,-1.43,340,-0.97,306,-2.06,355,-2.58,350,-1.16,322,0.706086,342,32.32,190,15.7,252,20.96,140,20.11,174,19.66,203,23.32,113,26.45,272,53.03,4,12,268,2.82,345,5.18,246,17.65,333,41.28,4,12.07,334,18.01,127,10.59,289,1.29441423341632,335
"2026","UNC Wilmington",78.93,11,1.18,54,-0.2,202,1.27,44,1.56,27,3.8,1,0.48,110,2.45887,17,20.81,355,19.34,146,12.32,347,27,35,19.27,216,20.91,170,37.15,125,25.91,191,13.54,238,11.9,169,10.32,131,28.67,107,17.06,313,16.08,271,19.07,99,17.78,87,32.8627854585648,110
"2026","UNLV",77.49,161,-0.71,260,0.6,107,0.7,95,0.45,133,-0.56,232,-0.06,187,1.5031,164,38.32,60,18.62,171,22.58,95,17.22,255,15.93,301,25.51,66,36.31,144,46.05,14,10.73,292,6.77,276,0,338,33.09,41,14.31,347,19.86,170,22.94,42,9.52,316,1.92662011831999,334
"2026","USC",79.53,2,3.19,8,1.67,20,1.63,21,2.44,6,1.68,46,2.43,4,2.3103,27,34.42,143,20.28,130,26.42,33,15.26,290,19.4,210,18.53,241,26.05,274,25.5,196,26.23,53,16.45,92,5.52,238,23.17,233,20.3,254,10.79,346,27.8,7,17.8,86,3.16955000162125,325
"2026","USC Upstate",76.57,310,0.68,93,-1.65,346,-1.23,324,-1.02,298,-0.95,269,-0.49,245,0.871855,314,32.78,181,8.54,354,21.84,123,22.41,109,29.14,25,18.03,254,37.96,111,26.36,184,9.69,312,14.56,120,11.11,115,29.16,98,20.38,251,16.58,262,19.07,100,14.6,175,43.4477776288986,42
"2026","UT Arlington",76.81,283,-0.91,281,-0.62,269,-1.15,318,-0.47,239,0.2,164,-0.77,274,0.792313,326,36.25,99,8,359,30.62,6,23.39,92,18.23,247,19.76,201,36.44,139,29.48,147,12.62,255,10.34,209,11.11,115,32.83,43,14.46,345,20.71,147,20.56,75,11.44,267,13.706386089325,251
"2026","UT Rio Grande Valley",76.64,300,-1.56,328,-0.57,264,-0.28,214,-0.27,214,-1.16,293,-1.06,308,1.42585,183,39.01,46,22.17,81,17.66,245,24.89,60,16.83,285,18.1,253,46.46,37,19.93,281,15.31,218,17.62,68,0,338,18.48,316,19.85,269,27.11,25,20.93,66,13.33,211,12.0376855134964,264
"2026","Utah",77.28,197,-0.59,228,0.14,163,0.57,117,-0.65,260,-0.08,197,-0.22,214,1.7335,109,25.73,323,18.82,165,13.26,335,16.6,266,31.81,10,19.08,225,52.39,15,23.08,241,12.02,267,6.56,279,5.19,244,31.76,62,17.74,300,14.81,296,14.82,231,20.45,41,8.71505439281464,289
"2026","Utah St.",77.52,158,-0.24,203,1.29,44,-1.13,312,0.35,144,0.3,152,0.52,102,2.42272,19,35.31,115,15.27,268,27.04,25,16.62,265,21.93,148,18.51,242,26.5,271,50.41,5,11.2,285,11.27,183,0,338,9.18,365,32.54,28,18.14,218,13.24,269,26.43,10,40.8154666423798,56
"2026","Utah Tech",78.18,66,-1.59,331,0.46,121,1.05,59,1.21,59,2.8,6,-0.57,256,0.987575,287,23.64,342,26.46,21,19.54,189,19.33,198,15.42,312,19.13,223,45.08,47,15.22,323,16.61,193,13.88,132,8.9,164,27.6,128,21.24,233,16.3,269,17.29,148,17.39,99,15.2188703417778,243
"2026","Utah Valley",78.06,80,-0.21,199,0.01,181,0.56,118,0.56,109,2.37,13,-0.1,195,1.22329,243,30.59,227,27.76,15,26.72,28,17.24,253,13.18,341,14.03,335,2.78,365,57.48,1,31.43,22,6.06,293,0,338,20.54,284,21.42,227,22.48,103,15.29,212,19.25,59,30.3197026252747,133
"2026","UTEP",76.28,330,-1.05,295,-0.69,276,-0.8,284,-2.44,359,-0.67,244,-0.87,285,1.69279,117,29.16,258,17.58,203,27.44,17,20.05,176,19.03,226,15.83,305,19.9,330,24.93,213,13.3,243,2.82,344,38.84,2,25,187,14.24,348,17.48,241,17.97,129,24.88,12,8.58912840485573,290
"2026","UTSA",77.49,162,-1.59,331,-1.07,306,-0.02,182,1.56,27,1.57,51,-1.32,336,0.955589,296,27.04,306,15.61,258,19.09,198,16.88,260,26.12,54,21.91,149,59.06,5,20.57,275,11.94,269,3.15,339,4.26,271,24.4,206,26.37,104,21.79,119,14.27,245,12.65,236,6.23072311282158,303
"2026","Valparaiso",78.17,67,0.95,71,0.7,83,2.16,5,-0.39,222,0.39,146,0.82,76,0.834979,323,40.69,29,17.3,215,21.7,128,17.78,240,17.85,255,24.91,75,38.35,105,25.99,189,16.57,194,10.6,196,7.76,186,19.47,302,20.34,253,22.46,104,19.24,92,17.93,85,5.3613007068634,310
"2026","Vanderbilt",77.08,239,-0.9,279,-0.37,223,1.56,29,-1.08,300,-0.85,257,-0.63,263,2.67962,5,34.16,149,17.53,205,22.32,103,18.65,216,20.31,189,21.07,165,26.71,269,26.64,178,25.41,60,10.44,208,10.2,134,23.69,218,25.87,118,20.48,154,13.73,258,15.74,144,34.8126769065857,99
"2026","VCU",77.8,122,0.84,78,0.61,106,0.63,97,0.33,146,-0.4,226,0.72,86,1.75114,107,35.24,117,15.47,263,15.96,292,25.29,53,22.09,142,21.05,166,22.31,309,31.98,112,11.66,278,12.63,152,21.34,22,26.88,139,23.19,185,21.97,115,18.84,107,8.91,326,20.9154650568962,198
"2026","Vermont",77.59,149,0.11,163,-0.46,249,-0.28,216,0.38,143,1.15,72,-0.17,208,2.05198,53,31.47,215,20.99,110,11.49,354,22.09,121,29.28,24,15.47,314,41.29,77,42.49,23,1.85,362,0,359,13.33,79,21,274,11.82,361,22.05,113,27.43,11,16.94,111,31.1622053384781,124
"2026","Villanova",77.54,152,0.5,117,-0.07,190,-0.6,264,-0.21,207,1.09,79,0.21,150,1.7297,111,31.23,217,14.02,297,15.42,307,18.43,221,27.69,35,24.15,93,57.53,7,11.92,348,7.9,336,13.16,144,9.21,158,39.55,7,11.06,363,17.68,235,18,128,13.38,207,11.7629393935204,266
"2026","Virginia",78.12,74,2.41,17,1.46,32,0.3,143,0.52,124,-1.12,292,1.94,15,1.74553,108,35.85,102,21.36,99,23.44,77,22.92,100,11.13,360,20.99,169,34.77,164,28.8,156,12.41,258,9.33,234,14.39,68,30.58,76,16.69,322,20.22,159,13.3,267,19.03,62,0.094148755306378,340
"2026","Virginia Tech",78.09,77,0.01,176,0.64,91,1.07,56,1.44,45,0.27,154,0.33,134,1.56439,145,29.77,244,22.07,86,22.77,92,17.88,235,16.17,298,20.75,173,16.27,350,40.97,30,17.37,179,16.58,89,8.42,169,16.99,344,29.52,58,25.55,44,18.14,126,9.51,317,44.1003352403641,37
"2026","VMI",76.61,302,-2.23,357,-1.89,352,-1.31,326,0.08,174,1.39,61,-2.06,363,1.35322,209,27.82,290,30.24,7,21.76,125,15.3,288,12.21,353,19.98,193,35.89,150,14.96,326,24.42,67,14.29,123,9.67,148,34.38,29,22.89,193,24.32,64,12.18,294,5.51,360,64.685994386673,3
"2026","Wagner",76.15,344,-2.59,363,-1.25,318,-0.81,288,-1.22,315,-0.39,225,-1.92,360,0.284049,361,39.18,45,19.76,140,20.85,142,21.96,124,24.79,75,12.14,350,47.27,36,30.37,131,11.48,282,1.88,353,8.12,177,21.22,272,24.29,154,23.54,74,16.74,164,13.61,192,10.0534290075302,281
"2026","Wake Forest",77.99,86,-0.46,221,-0.03,186,0.98,70,1.56,27,0.92,98,-0.24,218,2.15707,40,32.87,178,8.45,355,23.68,72,28.62,17,18.88,232,20.31,184,23.11,301,21.34,265,22.93,83,21.23,38,11.2,113,14.45,359,22.93,191,23.09,86,18.45,118,21.02,37,23.0068653821945,182
"2026","Washington",77.78,126,1.41,43,1.9,15,-0.78,283,-0.43,224,-0.2,201,1.66,20,1.40564,193,27.94,286,17.73,200,18.41,219,26.13,44,21.42,163,16.24,301,44.31,53,24.22,228,15.77,210,9.62,223,5.86,233,29.81,88,21.88,217,20.01,165,13.45,263,14.71,171,16.752752661705,229
"2026","Washington St.",78.33,50,-0.12,192,0.63,92,1.65,20,0.72,94,1.76,44,0.26,142,0.950301,298,40.65,30,18.64,170,25.38,46,22.47,107,12.53,350,20.68,177,32.69,203,31.46,119,15.49,212,12.08,164,7.92,180,24.27,211,21.95,215,28.08,19,7.96,355,17.31,102,26.6236871480942,157
"2026","Weber St.",76.44,320,-1.43,322,-0.96,297,-0.45,249,-0.11,194,-1.88,333,-1.19,324,1.23269,239,30.64,226,17.37,212,24.18,63,20.94,149,20.09,195,17.08,278,38.54,102,40.11,34,12.17,265,6.18,287,2.7,308,15.84,352,35.44,16,18.65,203,16.72,167,13.09,219,33.552211523056,107
"2026","West Georgia",77.22,206,-0.15,194,-1.33,328,0.59,116,-0.77,279,0.8,108,-0.74,273,0.909471,301,27.05,305,13.45,310,9.28,363,28.55,18,23.67,100,25.05,72,30.12,231,16.51,313,39.64,4,9.77,221,3.96,283,23.53,220,20.06,264,29,14,8.49,346,18.92,66,37.4287247657776,82
"2026","West Virginia",77.22,207,1.1,64,1.37,39,-0.26,210,-0.53,243,-2.57,349,1.24,38,2.59362,9,28.83,264,25.41,31,22.21,105,9.56,360,16.91,281,25.91,55,32.39,207,27.12,170,22.35,92,14.56,119,3.57,292,20.52,285,28.14,78,20.58,150,19.32,90,11.44,266,0,343
"2026","Western Carolina",77.15,220,1,68,0.74,78,-0.61,266,-0.69,271,-1.71,323,0.87,73,1.54332,152,33.1,175,12.28,326,20.18,165,17.88,234,19.31,214,29.94,17,37.3,123,32.16,109,10,309,9.93,215,10,139,31.84,60,22.54,199,13.26,322,15.45,207,16.44,122,41.1884784698486,51
"2026","Western Illinois",77.14,225,-1.77,343,-1.37,329,0.23,157,0.56,109,1.05,84,-1.57,346,1.05891,275,19.9,358,21.45,97,20.51,154,19.2,202,19.02,227,19.47,211,13.66,357,30.71,128,39.77,3,13.27,143,2.12,318,24.87,191,22.79,194,22.93,89,12.62,286,16.32,127,0,343
"2026","Western Kentucky",77.14,224,0.82,80,0.18,156,-0.8,287,-0.95,292,-0.58,234,0.5,105,1.94778,70,42.4,19,17.01,224,22.02,112,26.84,39,17.74,259,15.67,311,23.83,293,28.16,163,35.95,13,4.52,318,6.67,208,16.79,346,30.51,44,21.87,118,14.6,238,15.51,150,11.4352598786354,270
"2026","Western Michigan",77.43,174,0.58,110,-0.07,191,0.63,97,0.08,171,-1.03,283,0.25,145,0.924369,300,39.5,38,17.81,196,19.69,182,25.76,50,16.44,294,20.31,185,43.24,61,21.16,270,24.04,72,7.05,272,4.51,264,29.58,90,22.5,200,26.53,31,15.02,223,6.36,352,19.9006572365761,205
"2026","Wichita St.",76.5,317,2.09,22,-0.61,267,-0.15,198,-3.02,364,-2.91,357,0.74,85,1.65045,122,34.85,127,22.12,83,15.48,303,14.44,317,19.26,218,28.08,30,36.54,137,31.51,118,23.17,81,5.36,308,2.2,317,30.39,79,26.09,112,20.07,162,16.75,163,5.74,359,0.120050425175577,339
"2026","William & Mary",77.28,195,-1.14,304,-0.9,291,0.26,152,0.63,103,0.55,131,-1.02,303,1.28292,227,37.92,70,14.96,273,21.23,137,17.35,249,25.78,61,20.54,182,28.49,252,30.68,129,19.23,150,10.52,202,10.73,122,26.64,143,19.88,268,22.68,98,17.08,153,13.49,203,20.2992901206017,201
"2026","Winthrop",76.59,305,0.41,124,-0.17,200,-0.85,291,-0.21,204,-3.22,363,0.12,158,1.73193,110,37.13,86,18.69,168,17.92,235,22.44,108,23.2,109,17.75,262,41.57,73,31.71,116,12.74,253,12.54,155,1.35,326,28.18,114,20.73,242,15.63,282,25.64,22,9.59,312,17.3902601003647,221
"2026","Wisconsin",79.08,7,2.3,19,2.42,6,0.39,127,1.17,61,2.14,18,2.36,7,2.15904,39,34.71,133,18.09,186,18.38,223,14.82,307,16.68,288,32.03,8,34.72,166,17.78,299,4.42,355,24.92,21,18.17,32,32.56,47,28.14,79,13.31,321,13.15,271,12.84,229,31.1294257640839,125
"2026","Wofford",75.93,354,-1.42,321,-2.38,364,-2.37,360,-1.24,321,0.07,177,-1.9,358,0.957672,294,28.26,277,19.9,136,16.06,289,27.62,25,16.87,282,19.56,208,35.95,148,13.28,338,16.07,204,15.34,103,19.35,26,19.3,303,15.37,340,17.3,246,19.39,89,28.64,2,15.9396812319756,236
"2026","Wright St.",76.86,272,-2.14,354,-0.48,255,-0.11,192,-0.34,218,0.4,145,-1.31,334,1.42303,184,35.4,114,20.52,122,19.14,197,12.24,341,27.15,43,20.72,176,16.17,351,36.29,59,28.37,38,5.69,299,12.88,87,23.39,226,30.75,42,26.5,32,12.49,289,6.37,351,33.2487195730209,109
"2026","Wyoming",77.04,244,-0.68,252,-0.37,223,0.19,164,-0.69,270,-0.2,201,-0.52,251,1.14099,264,42.86,17,18.52,175,12.91,342,18.88,210,27.35,41,22.34,140,32.11,209,30.53,130,11.78,275,12.48,157,13.1,83,19.47,301,26.6,98,18.42,210,15.99,190,19.52,54,15.0267481803894,246
"2026","Xavier",78.64,26,0.72,89,1.52,29,1.29,42,0.88,74,1.8,28,1.12,48,2.11669,45,30.06,238,17.92,193,17.82,236,20.66,158,19.12,222,24.49,85,40.45,84,35.52,67,20.91,121,3.12,340,0,338,21.68,255,28.92,66,21.52,126,8.02,354,19.86,51,0,343
"2026","Yale",77.75,130,-0.26,205,-0.37,223,0.78,87,1.37,50,0.21,162,-0.31,225,1.3471,213,29.86,239,18.49,177,21.69,129,30.84,6,14.95,321,13.82,340,32.85,202,19.16,284,18.36,162,22.22,29,7.41,189,17.16,342,33.39,25,22.78,91,15.89,195,10.55,294,61.4405989646912,4
"2026","Youngstown St.",76.56,313,-0.21,198,-0.72,280,-0.28,215,-1.23,319,-1.82,328,-0.47,238,1.61656,130,34.39,144,19.07,155,19.68,183,23.88,80,18.96,229,17.74,263,23.65,294,21.52,263,24.11,71,15.43,101,14.61,63,15.83,354,12.7,357,31.91,6,21.04,61,17.77,88,22.6242631673813,186
