Team,HomeCourtAdv
West Virginia,4.5
TCU,4.5
Utah,4.5
New Mexico,4.3
Wake Forest,4.2
Texas Tech,4.2
Oklahoma,4.1
Utah St.,4.1
BYU,4.1
Saint Louis,4
Connecticut,3.9
Colorado,3.9
Rutgers,3.9
St. Bonaventure,3.9
Kansas,3.9
Nevada,3.9
Auburn,3.9
Evansville,3.8
Oklahoma St.,3.8
Mississippi St.,3.8
Bradley,3.8
Arkansas,3.8
Kansas St.,3.7
Iowa St.,3.7
Colorado St.,3.7
Baylor,3.7
Western Kentucky,3.7
Villanova,3.7
Cincinnati,3.7
Middle Tennessee,3.7
Maryland,3.7
San Diego St.,3.6
Missouri,3.6
Tennessee,3.6
Tulsa,3.6
Charlotte,3.6
Marquette,3.6
Kentucky,3.6
Alabama,3.6
Utah Valley,3.6
Team,HCA
Illinois St.,3.6
Indiana St.,3.6
Texas,3.6
Ohio,3.6
UTEP,3.6
Grand Canyon,3.6
Georgia,3.6
LSU,3.6
Arizona,3.6
New Mexico St.,3.6
Iowa,3.5
Clemson,3.5
Tennessee St.,3.5
Denver,3.5
South Dakota St.,3.5
Nebraska Omaha,3.5
UAB,3.5
Wyoming,3.5
Purdue,3.5
UCF,3.5
Loyola Chicago,3.5
Ohio St.,3.5
North Carolina Central,3.5
North Carolina A&T,3.5
Air Force,3.5
Creighton,3.4
North Carolina,3.4
Penn St.,3.4
Drake,3.4
N.C. State,3.4
Virginia,3.4
Xavier,3.4
Memphis,3.4
Milwaukee,3.4
Boise St.,3.4
Virginia Tech,3.4
Howard,3.3
Norfolk St.,3.3
Louisville,3.3
Oregon,3.3
Team,HCA
Oregon St.,3.3
UCLA,3.3
Nebraska,3.3
George Mason,3.3
La Salle,3.3
South Carolina,3.3
East Carolina,3.3
Dayton,3.3
Massachusetts,3.3
St. Thomas,3.3
Stanford,3.3
FIU,3.3
California,3.3
St. John's,3.3
Northern Iowa,3.3
USC,3.3
Duke,3.3
Washington St.,3.3
Missouri St.,3.2
Hampton,3.2
Oral Roberts,3.2
Stephen F. Austin,3.2
Southeast Missouri,3.2
SMU,3.2
Southern,3.2
Syracuse,3.2
Tarleton St.,3.2
Weber St.,3.2
Louisiana Tech,3.2
Providence,3.2
Indiana,3.2
Florida St.,3.2
North Texas,3.1
Monmouth,3.1
Seton Hall,3.1
UNLV,3.1
Drexel,3.1
Illinois,3.1
Kansas City,3.1
Old Dominion,3.1
Team,HCA
Michigan,3.1
Marshall,3.1
Michigan St.,3.1
Pittsburgh,3.1
Houston,3.1
Saint Joseph's,3.1
Maryland Eastern Shore,3.1
Miami OH,3.1
Butler,3.1
Cleveland St.,3.1
William & Mary,3
Boston College,3
Montana St.,3
Florida Atlantic,3
Alabama A&M,3
Washington,3
Coastal Carolina,3
South Dakota,3
Cal Baptist,3
Texas A&M,3
Cal St. Bakersfield,3
Wright St.,3
Arizona St.,3
DePaul,3
South Carolina St.,3
UNC Wilmington,3
Lamar,3
San Jose St.,3
Kennesaw St.,3
Southern Illinois,3
Vanderbilt,3
Delaware St.,2.9
Montana,2.9
Minnesota,2.9
Eastern Michigan,2.9
Northern Kentucky,2.9
Sam Houston St.,2.9
Duquesne,2.9
Miami FL,2.9
Bowling Green,2.9
Team,HCA
Eastern Kentucky,2.9
Liberty,2.9
Samford,2.9
Florida,2.9
Western Illinois,2.9
Southern Utah,2.9
Temple,2.9
Murray St.,2.9
Wichita St.,2.9
Jacksonville,2.9
Utah Tech,2.9
UTSA,2.9
Southern Miss,2.9
Youngstown St.,2.9
Georgetown,2.9
Morehead St.,2.9
Northern Arizona,2.9
Western Carolina,2.9
UNC Asheville,2.9
Buffalo,2.9
Little Rock,2.9
Abilene Christian,2.9
Portland St.,2.9
Seattle,2.9
VCU,2.9
Notre Dame,2.8
North Dakota,2.8
Iona,2.8
Detroit Mercy,2.8
Alcorn St.,2.8
Georgia St.,2.8
Troy,2.8
Richmond,2.8
North Alabama,2.8
Charleston,2.8
James Madison,2.8
Mississippi,2.8
Lindenwood,2.8
Furman,2.8
Southern Indiana,2.8
Team,HCA
Wisconsin,2.8
Queens,2.8
George Washington,2.8
SIUE,2.8
Tennessee Tech,2.8
Florida A&M,2.8
Northwestern,2.8
Robert Morris,2.8
Morgan St.,2.8
Valparaiso,2.8
Davidson,2.8
Purdue Fort Wayne,2.8
Kent St.,2.8
Bryant,2.7
Green Bay,2.7
Siena,2.7
Saint Mary's,2.7
Nicholls,2.7
Gonzaga,2.7
Rhode Island,2.7
Austin Peay,2.7
Bucknell,2.7
Western Michigan,2.7
Ball St.,2.7
Georgia Tech,2.7
South Florida,2.7
High Point,2.7
Binghamton,2.7
Northern Colorado,2.7
Tulane,2.7
IU Indy,2.7
Central Arkansas,2.7
Mercer,2.7
North Dakota St.,2.7
Texas A&M Corpus Chris,2.7
Belmont,2.6
Towson,2.6
Jackson St.,2.6
Chattanooga,2.6
Idaho St.,2.6
Team,HCA
Florida Gulf Coast,2.6
Winthrop,2.6
West Georgia,2.6
Cal Poly,2.6
Idaho,2.6
Campbell,2.6
Appalachian St.,2.6
The Citadel,2.6
Illinois Chicago,2.6
Saint Peter's,2.6
Maine,2.6
Dartmouth,2.6
San Francisco,2.6
East Tennessee St.,2.6
Tennessee Martin,2.6
Akron,2.6
Loyola Marymount,2.6
Chicago St.,2.6
UT Arlington,2.5
North Florida,2.5
South Alabama,2.5
Elon,2.5
Arkansas St.,2.5
Oakland,2.5
Louisiana Monroe,2.5
Cornell,2.5
Texas Southern,2.5
Georgia Southern,2.5
UT Rio Grande Valley,2.5
Pacific,2.5
Louisiana,2.5
Fresno St.,2.5
McNeese,2.5
Hawaii,2.5
Niagara,2.5
Sacramento St.,2.5
Stony Brook,2.5
Mississippi Valley St.,2.5
New Orleans,2.4
New Hampshire,2.4
Team,HCA
Mercyhurst,2.4
Saint Francis,2.4
Fordham,2.4
Houston Christian,2.4
Bellarmine,2.4
Jacksonville St.,2.4
Santa Clara,2.4
Delaware,2.4
Rice,2.4
Prairie View A&M,2.4
VMI,2.4
Vermont,2.4
USC Upstate,2.4
Texas St.,2.4
Central Michigan,2.4
Incarnate Word,2.4
Canisius,2.4
NJIT,2.3
Northwestern St.,2.3
Marist,2.3
Eastern Illinois,2.3
Alabama St.,2.3
UNC Greensboro,2.3
Fairfield,2.3
Bethune Cookman,2.3
Quinnipiac,2.3
UC Riverside,2.3
Coppin St.,2.3
Presbyterian,2.3
Penn,2.3
Army,2.3
Toledo,2.3
UMass Lowell,2.3
Yale,2.3
Eastern Washington,2.3
Wofford,2.3
Radford,2.3
Sacred Heart,2.3
Stonehill,2.3
Longwood,2.2
Team,HCA
Le Moyne,2.2
LIU,2.2
Colgate,2.2
Northern Illinois,2.2
Southeastern Louisiana,2.2
CSUN,2.2
Long Beach St.,2.2
Lafayette,2.2
New Haven,2.2
Lipscomb,2.2
East Texas A&M,2.2
Stetson,2.2
Hofstra,2.2
UC Santa Barbara,2.2
Northeastern,2.1
American,2.1
Harvard,2.1
Boston University,2.1
Princeton,2.1
Lehigh,2.1
Mount St. Mary's,2.1
Albany,2.1
Pepperdine,2.1
San Diego,2.1
Holy Cross,2.1
Cal St. Fullerton,2.1
UC Irvine,2.1
Charleston Southern,2
Rider,2
Arkansas Pine Bluff,2
Wagner,2
Grambling St.,2
Gardner Webb,2
Columbia,2
UC San Diego,1.9
Merrimack,1.9
Brown,1.8
Loyola MD,1.8
UMBC,1.8
Portland,1.8
Central Connecticut,1.8
UC Davis,1.7
Manhattan,1.7
Navy,1.6
Fairleigh Dickinson,1.5
