Team,AdjOE,AdjDE,AdjEM,AdjTempo
Abilene Christian,100.415,103.571,-3.15579,72.3699
Air Force,97.6767,110.769,-13.0923,68.1382
Akron,113.485,102.415,11.0706,74.0614
Alabama,120.267,97.4862,22.7806,77.1697
Alabama A&M,97.4493,110.973,-13.5238,70.6774
Alabama St.,100.469,108.139,-7.66992,72.5227
Albany,99.4726,109.619,-10.1463,72.3989
Alcorn St.,98.8074,113.281,-14.4738,72.2241
American,99.8551,110.956,-11.1008,70.7741
Appalachian St.,100.811,106.42,-5.60856,66.7352
Arizona,120.811,95.1779,25.6331,74.3498
Arizona St.,110.753,100.185,10.5688,72.6334
Arkansas,116.644,95.572,21.072,73.3537
Arkansas Pine Bluff,94.9858,116.978,-21.9922,74.4933
Arkansas St.,105.891,107.384,-1.49349,74.2499
Army,98.4115,114.374,-15.9623,71.8579
Auburn,117.822,98.8415,18.9801,71.2618
Austin Peay,99.5514,105.654,-6.10249,72.3154
Ball St.,104.522,110.797,-6.27428,70.2493
Baylor,118.596,96.1959,22.3997,70.9145
Bellarmine,103.026,115.951,-12.9258,71.4032
Belmont,108.92,103.817,5.10295,74.1431
Bethune Cookman,103.059,108.38,-5.32163,72.039
Binghamton,97.3762,112.525,-15.1488,69.2335
Boise St.,115.858,99.0862,16.772,71.5137
Boston College,105.996,100.508,5.48842,69.9443
Boston University,105.262,110.646,-5.38459,67.1659
Bowling Green,104.853,102.43,2.42381,72.4467
Bradley,105.38,102.6,2.77989,70.3585
Brown,100.563,108.412,-7.84891,69.8898
Bryant,99.6929,110.991,-11.2978,71.8844
Bucknell,100.314,107.677,-7.36316,69.9832
Buffalo,104.135,111.253,-7.11765,70.205
Butler,112.994,100.189,12.805,73.7399
BYU,122.095,98.7857,23.3089,69.8277
Cal Baptist,106.461,107.055,-0.594044,69.9792
Cal Poly,102.813,107.918,-5.10506,76.7976
Cal St. Bakersfield,99.7784,106.196,-6.41748,71.4011
Cal St. Fullerton,96.8116,110.647,-13.8357,74.7231
California,110.347,100.13,10.2163,72.2534
Campbell,104.525,107.911,-3.38581,72.5392
Canisius,97.0721,113.573,-16.501,68.837
Central Arkansas,97.6744,114.008,-16.3332,71.9375
Central Connecticut,94.245,105.793,-11.5484,69.0746
Central Michigan,101.095,111.429,-10.3336,70.9844
Charleston,110.263,112.611,-2.3481,70.5762
Charleston Southern,101.655,113.097,-11.4421,72.8814
Charlotte,106.395,109.909,-3.51453,66.8606
Chattanooga,110.037,111.686,-1.64867,70.5159
Chicago St.,96.5838,117.462,-20.878,72.6581
Cincinnati,108.694,90.8963,17.7975,74.5413
Clemson,118.438,96.2725,22.1657,68.0181
Cleveland St.,105.78,113.527,-7.74683,72.0478
Coastal Carolina,102.031,108.8,-6.76911,69.9385
Colgate,106.176,109.302,-3.12602,71.0508
Colorado,111.739,104.964,6.77465,70.9738
Colorado St.,117.718,104.232,13.486,69.5911
Columbia,103.835,108.627,-4.79181,71.4808
Connecticut,122.609,94.5779,28.0314,69.2038
Coppin St.,91.4008,114.852,-23.4508,71.313
Cornell,108.929,112.358,-3.4296,74.7659
Creighton,116.541,101.633,14.908,70.8568
CSUN,101.884,107.672,-5.78798,76.253
Dartmouth,99.7447,109.355,-9.61024,73.8194
Davidson,107.681,104.052,3.6286,68.6563
Dayton,110.698,97.3874,13.3104,70.1183
Delaware,105.531,111.003,-5.47195,71.2447
Delaware St.,95.135,113.652,-18.5167,70.4156
Denver,101.965,113.119,-11.1547,70.9676
DePaul,104.432,100.357,4.07544,71.6283
Detroit Mercy,99.6673,111.855,-12.1874,73.2298
Drake,107.172,106.08,1.09146,70.2668
Drexel,102.5,109.497,-6.99713,69.259
Duke,122.373,93.0547,29.3187,70.9248
Duquesne,106.584,101.618,4.96644,72.1627
East Carolina,103.007,104.783,-1.77541,72.5872
East Tennessee St.,104.903,105.394,-0.491268,70.6885
East Texas A&M,96.292,110.988,-14.6957,73.269
Eastern Illinois,95.7619,107.7,-11.9385,69.7415
Eastern Kentucky,105.309,110.605,-5.2961,72.3822
Eastern Michigan,102.651,107.475,-4.82441,71.1301
Eastern Washington,106.485,110.865,-4.38067,72.6217
Elon,105.781,112.971,-7.18991,70.4632
Evansville,99.459,107.757,-8.29767,70.4788
Fairfield,100.402,108.404,-8.00193,72.0409
Fairleigh Dickinson,98.3116,115.423,-17.1115,73.8216
FIU,102.542,107.315,-4.77334,73.4573
Florida,119.497,93.4085,26.0884,75.6643
Florida A&M,95.248,113.296,-18.0479,73.2962
Florida Atlantic,110.16,107.967,2.19357,71.7435
Florida Gulf Coast,105.919,110.918,-4.99876,70.2667
Florida St.,112.293,99.5309,12.7621,74.25
Fordham,102.638,111.107,-8.46878,68.9312
Fresno St.,103.337,106.694,-3.35749,73.1796
Furman,105.278,106.903,-1.62504,70.796
Gardner Webb,99.0008,112.126,-13.1252,73.2105
George Mason,110.057,100.736,9.321,69.614
George Washington,114.369,101.886,12.4837,73.9257
Georgetown,111.132,99.9762,11.156,71.3276
Georgia,117.515,97.3854,20.13,73.9292
Georgia Southern,108.065,114.384,-6.31946,75.506
Georgia St.,98.1955,109.971,-11.7753,70.6418
Georgia Tech,104.692,96.1563,8.5357,72.023
Gonzaga,121.604,92.4837,29.1202,73.8136
Grambling St.,98.9361,109.073,-10.1372,70.5056
Grand Canyon,111.57,103.276,8.29429,72.7524
Green Bay,101.266,115.438,-14.1714,70.331
Hampton,101.462,108.545,-7.08218,71.7482
Harvard,103.614,108.74,-5.12669,70.0141
Hawaii,106.864,99.4957,7.36807,71.5788
High Point,115.06,104.486,10.5749,71.5482
Hofstra,103.135,104.091,-0.956406,70.0159
Holy Cross,99.8269,114.811,-14.9846,71.3961
Houston,117.944,88.1365,29.8071,67.0992
Houston Christian,99.1189,109.367,-10.2478,69.9887
Howard,101.452,113.981,-12.5291,71.7157
Idaho,107.055,112.162,-5.10694,69.7877
Idaho St.,102.124,108.743,-6.61873,67.521
Illinois,123.071,94.7235,28.3479,74.2921
Illinois Chicago,105.98,103.596,2.38374,72.9755
Illinois St.,107.049,104.051,2.99896,69.7125
Incarnate Word,105.903,110.854,-4.9512,70.1527
Indiana,120.768,97.3864,23.3816,70.7962
Indiana St.,104.466,107.885,-3.41979,74.1162
Iona,105.874,109.231,-3.35632,75.0502
Iowa,117.15,99.8964,17.2539,66.6133
Iowa St.,117.991,91.1279,26.8627,72.5334
IU Indy,101.188,116.668,-15.4802,77.6641
Jackson St.,101.844,110.262,-8.41761,72.8266
Jacksonville,99.7841,106.93,-7.14613,70.6759
Jacksonville St.,103.796,104.335,-0.538475,69.7398
James Madison,107.503,109.332,-1.82815,69.6054
Kansas,115.557,94.3895,21.167,70.7139
Kansas City,99.5943,113.98,-14.3854,73.1834
Kansas St.,114.051,99.4447,14.6067,73.1357
Kennesaw St.,107.904,105.998,1.90648,75.375
Kent St.,112.015,109.447,2.56825,72.9603
Kentucky,121.653,93.4701,28.1826,73.5831
La Salle,103.964,108.014,-4.04966,69.0415
Lafayette,99.9013,112.316,-12.415,70.2727
Lamar,102.011,107.17,-5.15942,69.3998
Le Moyne,99.1089,112.98,-13.8707,70.9819
Lehigh,97.8163,108.064,-10.2472,71.7557
Liberty,114.776,104.427,10.3488,68.2638
Lindenwood,95.7583,110.474,-14.7152,74.2252
Lipscomb,103.277,111.014,-7.73713,69.7127
Little Rock,103.144,108.946,-5.80222,69.9981
LIU,99.7262,108.208,-8.48142,73.2638
Long Beach St.,99.518,106.985,-7.46688,69.979
Longwood,103.977,107.493,-3.51588,72.2374
Louisiana,101.849,107.757,-5.90843,67.5466
Louisiana Monroe,98.4666,115.876,-17.4097,72.4162
Louisiana Tech,102.448,105.691,-3.2435,68.9009
Louisville,124.235,97.922,26.3129,74.5497
Loyola Chicago,107.018,105.956,1.06116,70.8452
Loyola Marymount,107.055,102.814,4.24125,69.0647
Loyola MD,97.788,109.567,-11.7793,70.2193
LSU,115.563,98.1892,17.3741,71.3285
Maine,94.8329,104.795,-9.9618,68.8125
Manhattan,106.821,113.323,-6.50167,71.8702
Marist,98.6054,99.4598,-0.854451,69.0263
Marquette,113.359,97.6748,15.6846,73.3565
Marshall,105.968,105.794,0.17377,74.3856
Maryland,109.988,95.826,14.1622,70.5088
Maryland Eastern Shore,91.4716,108.456,-16.9848,68.4068
Massachusetts,101.602,104.305,-2.70319,74.7222
McNeese,108.681,102.865,5.81581,70.2819
Memphis,113.449,98.6136,14.8352,73.5406
Mercer,104.563,107.654,-3.0907,73.3695
Mercyhurst,94.892,109.005,-14.1133,68.6144
Merrimack,96.0572,107.228,-11.1711,70.4067
Miami FL,113.639,99.5585,14.0804,72.9758
Miami OH,108.333,105.148,3.18479,73.4232
Michigan,118.103,93.7875,24.3154,74.115
Michigan St.,114.514,94.9688,19.5455,70.0664
Middle Tennessee,105.373,105.586,-0.212567,72.1504
Milwaukee,106.927,111.334,-4.40692,73.6546
Minnesota,112.571,101.248,11.323,68.7294
Mississippi,117.621,96.9189,20.7024,70.2029
Mississippi St.,117.718,98.7757,18.9425,72.2304
Mississippi Valley St.,85.1135,120.502,-35.3887,71.265
Missouri,120.814,100.049,20.7649,71.4961
Missouri St.,103.102,106.16,-3.05753,71.0856
Monmouth,102.201,108.237,-6.0356,71.2688
Montana,108.216,109.228,-1.01163,72.8448
Montana St.,104.292,110.692,-6.40037,70.1133
Morehead St.,100.122,110.22,-10.0976,70.7655
Morgan St.,96.3146,113.456,-17.1409,73.9631
Mount St. Mary's,98.8384,107.423,-8.58483,70.442
Murray St.,108.64,105.547,3.09367,74.5497
N.C. State,118.934,97.0883,21.8461,71.9143
Navy,105.104,107.342,-2.23771,71.4185
Nebraska,114.561,98.1623,16.399,72.2099
Nebraska Omaha,106.567,111.156,-4.58879,71.1599
Nevada,109.986,101.438,8.54744,68.733
New Hampshire,97.0807,115.276,-18.1948,72.2681
New Haven,93.027,113.514,-20.4871,68.5251
New Mexico,106.587,98.31,8.27744,71.3859
New Mexico St.,104.72,103.948,0.772525,70.1165
New Orleans,101.511,108.764,-7.25287,73.3987
Niagara,98.8302,110.851,-12.0206,67.8719
Nicholls,98.152,105.97,-7.81786,69.9488
NJIT,93.5156,109.164,-15.6489,70.6794
Norfolk St.,101.187,107.745,-6.55874,69.5067
North Alabama,103.504,109.692,-6.18821,71.0619
North Carolina,118.054,97.0115,21.0425,74.9606
North Carolina A&T,96.8368,110.756,-13.9193,74.6058
North Carolina Central,99.2071,115.28,-16.0728,70.1394
North Dakota,101.444,114.951,-13.5068,71.4726
North Dakota St.,104.966,108.26,-3.29445,70.7112
North Florida,101.32,116.405,-15.0848,74.3436
North Texas,107.516,98.1407,9.37494,67.6261
Northeastern,103.903,105.132,-1.22939,70.0236
Northern Arizona,101.701,110.479,-8.77791,70.5503
Northern Colorado,106.595,110.244,-3.64847,72.9298
Northern Illinois,102.173,113.32,-11.1463,72.7801
Northern Iowa,107.818,101.284,6.53389,68.7824
Northern Kentucky,99.4156,109.575,-10.1597,71.1159
Northwestern,113.791,96.3196,17.4716,69.5959
Northwestern St.,102.409,112.828,-10.4191,68.7295
Notre Dame,114.207,101.362,12.8453,68.9593
Oakland,107.18,110.473,-3.29295,70.4685
Ohio,105.677,108.314,-2.63675,72.9909
Ohio St.,120.435,101.15,19.2851,71.7782
Oklahoma,115.102,101.029,14.0729,71.2598
Oklahoma St.,113.245,97.6642,15.5811,75.5552
Old Dominion,103.972,108.5,-4.52823,69.4531
Oral Roberts,103.786,113.641,-9.85522,73.7217
Oregon,110.22,95.7529,14.4675,71.8634
Oregon St.,108.658,106.829,1.82905,68.074
Pacific,107.553,108.459,-0.90606,70.8164
Penn,104.327,114.221,-9.89428,74.7282
Penn St.,110.527,101.202,9.32423,70.8051
Pepperdine,103.46,108.388,-4.92812,70.9591
Pittsburgh,112.173,98.5868,13.586,69.5196
Portland,101.361,109.277,-7.91643,73.4307
Portland St.,103.791,105.819,-2.02811,73.384
Prairie View A&M,96.2733,111.471,-15.1979,74.4323
Presbyterian,99.641,110.309,-10.6676,66.6602
Princeton,102.878,108.32,-5.44249,71.3678
Providence,115.2,102.204,12.9956,73.9024
Purdue,125.299,98.1372,27.1613,69.0513
Purdue Fort Wayne,101.646,109.161,-7.51546,73.3443
Queens,106.324,110.879,-4.55488,72.5903
Quinnipiac,101.076,107.422,-6.34566,74.2164
Radford,108.789,108.565,0.223744,70.7985
Rhode Island,107.293,103.803,3.48993,71.6949
Rice,106.094,108.692,-2.59755,69.5208
Richmond,109.407,105.202,4.20532,70.8091
Rider,98.8739,112.015,-13.1415,69.2859
Robert Morris,104.092,108.772,-4.68059,71.1869
Rutgers,108.967,99.1752,9.79216,70.6377
Sacramento St.,102.97,110.947,-7.97606,72.0579
Sacred Heart,105.083,113.514,-8.43188,72.5184
Saint Francis,95.5035,113.641,-18.137,72.4516
Saint Joseph's,105.322,103.439,1.88284,72.1098
Saint Louis,113.549,100.224,13.3241,75.3427
Saint Mary's,115.152,96.6012,18.5503,67.3081
Saint Peter's,99.6504,110.131,-10.4802,68.0497
Sam Houston St.,106.315,109.181,-2.86662,71.8403
Samford,108.096,112.26,-4.16333,69.9036
San Diego,105.817,109.64,-3.82317,72.0385
San Diego St.,113.303,93.1136,20.1893,69.9947
San Francisco,110.597,100.934,9.66268,71.3083
San Jose St.,107.241,109.082,-1.84168,69.1889
Santa Clara,113.29,101.913,11.3763,71.8881
Seattle,104.174,100.32,3.85424,72.3824
Seton Hall,107.423,98.2237,9.19941,68.3206
Siena,104.326,104.848,-0.521915,69.5721
SIUE,97.9543,102.155,-4.20071,70.5537
SMU,116.174,100.745,15.4284,73.0344
South Alabama,103.598,106.561,-2.96262,68.8877
South Carolina,111.066,103.197,7.86871,69.6512
South Carolina St.,94.5257,110.618,-16.0923,74.5814
South Dakota,102.355,111.502,-9.14782,76.1533
South Dakota St.,106.324,107.92,-1.59572,70.8739
South Florida,111.272,102.375,8.89675,74.9811
Southeast Missouri,101.734,106.526,-4.79217,73.9427
Southeastern Louisiana,98.3825,106.511,-8.12884,70.0868
Southern,103.39,105.929,-2.53952,74.1897
Southern Illinois,108.363,104.872,3.49125,73.1779
Southern Indiana,97.784,109.72,-11.9358,73.835
Southern Miss,104.048,110.548,-6.49956,71.4592
Southern Utah,99.7054,111.228,-11.5224,72.2878
St. Bonaventure,109.93,104.795,5.13476,68.2813
St. John's,118.669,96.511,22.1583,75.4367
St. Thomas,106.716,110.935,-4.21886,69.8048
Stanford,108.759,99.738,9.021,73.0841
Stephen F. Austin,104.077,103.39,0.687126,71.2425
Stetson,97.3811,115.606,-18.2252,72.7553
Stonehill,96.3425,109.892,-13.5495,71.4321
Stony Brook,102.199,109.816,-7.61688,70.5535
Syracuse,113.904,99.6499,14.254,72.5124
Tarleton St.,101.702,109.181,-7.47853,70.702
TCU,109.972,100.977,8.99501,71.719
Temple,110.677,105.708,4.96908,70.9124
Tennessee,116.281,91.6989,24.5824,70.0342
Tennessee Martin,100.544,106.564,-6.01977,72.9499
Tennessee St.,101.477,107.217,-5.74025,74.0286
Tennessee Tech,98.1667,111.765,-13.5985,71.6508
Texas,114.839,96.4238,18.4151,71.3514
Texas A&M,114.695,98.5861,16.1093,73.7672
Texas A&M Corpus Chris,99.6528,107.712,-8.05915,70.9803
Texas Southern,99.3403,111.314,-11.9739,72.8115
Texas St.,102.04,107.107,-5.06704,69.4527
Texas Tech,121.053,96.5535,24.4992,70.0807
The Citadel,99.2464,116.443,-17.1964,69.6719
Toledo,110.536,113.496,-2.96051,70.0793
Towson,105.151,103.122,2.02954,68.3845
Troy,106.218,101.638,4.57985,71.5444
Tulane,111.06,105.86,5.2,70.2211
Tulsa,110.921,106.955,3.96539,70.2696
UAB,109.387,105.687,3.70029,74.4945
UC Davis,99.3053,105.274,-5.96857,70.544
UC Irvine,102.101,100.111,1.9902,72.7286
UC Riverside,102.116,109.844,-7.72743,70.6382
UC San Diego,108.112,105.849,2.26273,70.9026
UC Santa Barbara,112.493,109.011,3.48211,69.8649
UCF,114.505,103.569,10.9354,73.6173
UCLA,116.547,96.6053,19.9417,67.8622
UMass Lowell,100.882,114.453,-13.5708,72.9809
UMBC,105.448,113.599,-8.15133,72.0301
UNC Asheville,103.013,109.188,-6.17528,71.2091
UNC Greensboro,102.767,111.525,-8.75736,70.6083
UNC Wilmington,109.708,107.473,2.23513,70.4659
UNLV,111.622,107.775,3.84703,73.4895
USC,117.873,95.7231,22.1502,75.1966
USC Upstate,99.147,111.504,-12.3566,73.6332
UT Arlington,102.912,106.563,-3.65165,72.4855
UT Rio Grande Valley,105.977,108.133,-2.15575,74.5386
Utah,110.782,103.045,7.73649,72.4807
Utah St.,116.841,100.901,15.9391,71.9536
Utah Tech,101.666,108.78,-7.11392,69.9185
Utah Valley,107.105,103.565,3.54001,72.7723
UTEP,100.999,104.49,-3.49075,71.1663
UTSA,103.053,108.6,-5.54666,73.4958
Valparaiso,101.529,110.751,-9.22198,70.904
Vanderbilt,122.196,97.5446,24.6511,73.4139
VCU,110.513,96.9893,13.5234,75.0728
Vermont,104.675,108.43,-3.75463,67.8458
Villanova,115.113,97.9672,17.1461,69.5929
Virginia,116.463,99.7772,16.686,68.2011
Virginia Tech,115.667,99.9164,15.7508,72.7116
VMI,101.038,108.904,-7.86563,73.9154
Wagner,96.0199,111.488,-15.4684,68.3859
Wake Forest,111.722,97.1642,14.5577,74.1494
Washington,114.918,99.05,15.8683,71.583
Washington St.,107.123,108.496,-1.37275,73.0782
Weber St.,102.974,109.322,-6.34797,71.2479
West Georgia,100.766,113.547,-12.7818,71.259
West Virginia,109.674,98.7343,10.9401,66.8375
Western Carolina,100.918,106.556,-5.63776,74.4331
Western Illinois,100.331,114.641,-14.3095,67.7292
Western Kentucky,104.791,105.031,-0.239756,74.8912
Western Michigan,101.332,109.038,-7.70614,74.2971
Wichita St.,109.031,103.515,5.51572,72.2177
William & Mary,106.569,110.521,-3.9513,76.0103
Winthrop,107.192,107.622,-0.42995,74.3754
Wisconsin,119.721,96.329,23.3917,70.9747
Wofford,102.592,108.849,-6.25737,70.4628
Wright St.,104.324,109.672,-5.34759,70.5842
Wyoming,104.192,104.451,-0.259292,72.6359
Xavier,108.453,102.565,5.88806,72.5621
Yale,114.313,100.839,13.4745,71.7533
Youngstown St.,106.861,106.083,0.77786,71.6265
