"Season","TeamName","eFGPct","RankeFGPct","TOPct","RankTOPct","ORPct","RankORPct","FTRate","RankFTRate"
2026,"Abilene Christian",46.9298245614035,263,18.3772856749058,202,33.8461538461538,127,35.0877192982456,205
2026,"Air Force",49.5192307692308,204,25.5171785291169,358,31.6176470588235,167,38.4615384615385,153
2026,"Akron",53.7313432835821,108,11.27586401308,13,33.6283185840708,132,33.3333333333333,224
2026,"Alabama",56.3414634146341,65,12.334122570343,20,27.5862068965517,258,28.780487804878,292
2026,"Alabama A&M",44.7368421052632,306,18.3044315992293,199,24.5454545454545,314,32.7485380116959,237
2026,"Alabama St.",44.6700507614213,309,17.4291938997821,168,29.0076335877863,224,25.8883248730964,323
2026,"Albany",38.9502762430939,359,26.7712900992384,360,36.5853658536585,75,28.1767955801105,300
2026,"Alcorn St.",49.8175182481752,195,24.3962283991728,350,24.8447204968944,309,27.7372262773723,307
2026,"American",51.9125683060109,150,20.589201620852,290,21.8181818181818,344,26.775956284153,316
2026,"Appalachian St.",48.9130434782609,220,14.875560217412,76,32.1917808219178,154,37.8260869565217,168
2026,"Arizona",55.6485355648536,76,18.8727803036802,218,37.6923076923077,62,39.3305439330544,140
2026,"Arizona St.",51.0204081632653,167,14.7614445127845,70,27.8145695364238,253,31.4285714285714,256
2026,"Arkansas",53.5433070866142,115,13.5346614219854,48,29.7297297297297,204,37.7952755905512,169
2026,"Arkansas Pine Bluff",43.042071197411,326,20.4996796925048,286,29.064039408867,222,29.4498381877023,284
2026,"Arkansas St.",47.4285714285714,250,20.9698558322412,303,33.6363636363636,131,51.4285714285714,29
2026,"Army",44.8087431693989,304,21.0136708256223,305,27.8260869565217,251,18.0327868852459,360
2026,"Auburn",52.34375,143,13.333918154305,44,45.1612903225806,6,49.21875,43
2026,"Austin Peay",46.5909090909091,270,20.3389830508475,282,26.0504201680672,287,39.2045454545455,146
2026,"BYU",55.1181102362205,83,11.2711902922329,12,33.0882352941176,139,29.5275590551181,283
2026,"Ball St.",50.6849315068493,173,20.02002002002,270,21.2765957446809,347,46.5753424657534,56
2026,"Baylor",58.9887640449438,26,15.7489172619382,103,29.7872340425532,203,45.5056179775281,66
2026,"Bellarmine",50.5649717514124,179,19.7270329166189,258,25.2427184466019,301,27.683615819209,309
2026,"Belmont",57.5581395348837,46,19.7420078519349,260,28.4210526315789,232,43.6046511627907,84
2026,"Bethune Cookman",50,186,15.8685179937659,111,30.5785123966942,187,21.1822660098522,351
2026,"Binghamton",44.9519230769231,299,23.7377887336803,344,29.5454545454545,210,43.2692307692308,87
2026,"Boise St.",54.4910179640719,99,17.3119663118493,162,34.7368421052632,111,50.8982035928144,34
2026,"Boston College",46.1832061068702,276,12.8451005753535,33,33.1360946745562,138,29.3893129770992,285
2026,"Boston University",55.3811659192825,78,20.1549650615582,277,33.3333333333333,134,29.1479820627803,288
2026,"Bowling Green",52.8795811518325,130,12.2901849217639,19,28.0373831775701,244,35.6020942408377,196
2026,"Bradley",45.9641255605381,279,15.2229068503081,85,23.2876712328767,329,43.0493273542601,90
2026,"Brown",49.3303571428571,207,20.6737090266129,294,27.5862068965517,258,32.1428571428571,244
2026,"Bryant",40.9090909090909,348,20.1167489896722,276,28.3950617283951,234,24.3801652892562,335
2026,"Bucknell",47.4729241877256,248,18.3006535947712,198,26.9662921348315,270,36.8231046931408,181
2026,"Buffalo",53.6184210526316,114,13.6579196964907,49,30.3921568627451,193,68.4210526315789,2
2026,"Butler",57.27969348659,53,19.492710205712,244,44.9664429530201,7,47.8927203065134,52
2026,"CSUN",51.8367346938776,152,23.2432656788279,339,36.3013698630137,81,35.1020408163265,204
2026,"Cal Baptist",47.4619289340102,249,14.6243373347145,66,43.801652892562,13,28.4263959390863,296
2026,"Cal Poly",47.5190839694656,247,22.8716645489199,334,31.7073170731707,165,27.8625954198473,306
2026,"Cal St. Bakersfield",46.2962962962963,273,21.697857336588,316,33.3333333333333,134,48.1481481481481,50
2026,"Cal St. Fullerton",42.1717171717172,334,15.866388308977,110,22.962962962963,333,38.3838383838384,156
2026,"California",55.7377049180328,73,16.4291701592624,132,32.089552238806,156,40.9836065573771,113
2026,"Campbell",47.8125,240,20.9591069597904,301,30.3921568627451,193,56.25,12
2026,"Canisius",46.5968586387435,269,25.0931189962752,353,30.1587301587302,199,41.3612565445026,108
2026,"Central Arkansas",38.8888888888889,360,16.0133444537114,116,24.0875912408759,322,26.7676767676768,317
2026,"Central Connecticut",41.8994413407821,339,16.0150730098917,118,25.8928571428571,290,30.7262569832402,264
2026,"Central Michigan",48.9754098360656,219,18.4141300263059,203,36.551724137931,77,23.3606557377049,339
2026,"Charleston",49.375,205,14.6554558692282,67,38.5135135135135,49,37.9166666666667,164
2026,"Charleston Southern",49.8054474708171,196,19.4884287454324,243,32.5153374233129,146,27.6264591439689,310
2026,"Charlotte",50.8733624454148,171,17.3644607370249,164,42.9577464788732,17,41.0480349344978,111
2026,"Chattanooga",50.6329113924051,175,17.120146744115,153,18.75,355,40.5063291139241,123
2026,"Chicago St.",45.5128205128205,287,19.6551870207989,252,27.891156462585,248,37.1794871794872,176
2026,"Cincinnati",51.304347826087,160,20.9948320413437,304,28.3783783783784,235,53.4782608695652,18
2026,"Clemson",53.6741214057508,113,10.8482748229622,10,39.344262295082,37,38.0191693290735,161
2026,"Cleveland St.",53.1512605042017,120,20.4073235959679,284,37.3239436619718,66,47.0588235294118,55
2026,"Coastal Carolina",48.3050847457627,234,17.7756987486844,185,26.7857142857143,274,32.2033898305085,243
2026,"Colgate",54.1666666666667,100,15.4268337906994,91,19.1780821917808,353,27.1739130434783,313
2026,"Colorado",57.3839662447257,50,13.4566862910008,45,35.0746268656716,102,59.4936708860759,7
2026,"Colorado St.",64.6511627906977,2,15.3976152473946,89,36.3636363636364,79,47.4418604651163,53
2026,"Columbia",52.6785714285714,135,22.7990830803544,333,41.1764705882353,26,35.7142857142857,192
2026,"Connecticut",63.4199134199134,7,15.5800469171867,97,34.5132743362832,117,42.4242424242424,96
2026,"Coppin St.",41.1764705882353,347,23.4337637494022,342,27.2321428571429,266,39.3188854489164,142
2026,"Cornell",57.3684210526316,51,17.1948195095068,155,30.3571428571429,195,33.1578947368421,231
2026,"Creighton",52.8947368421053,129,19.0544241991187,230,40.5405405405405,30,27.8947368421053,303
2026,"Dartmouth",48.4662576687117,230,21.9203105377326,320,24.2990654205607,318,45.398773006135,68
2026,"Davidson",64.2361111111111,4,21.2675971240408,309,20.5479452054795,348,49.3055555555556,42
2026,"Dayton",52.5700934579439,136,13.9641050888421,50,26.5625,277,57.9439252336449,8
2026,"DePaul",47.198275862069,257,18.6669014704587,211,34.8684210526316,109,50.4310344827586,37
2026,"Delaware",49.1803278688525,213,12.8983308042489,34,25,302,22.1311475409836,346
2026,"Delaware St.",38.695652173913,361,18.9654354938125,225,25.3246753246753,299,22.6086956521739,341
2026,"Denver",53.448275862069,116,18.8056597802993,216,27.906976744186,247,27.5862068965517,311
2026,"Detroit Mercy",44.8837209302326,301,17.2739541160594,159,31.8840579710145,161,21.8604651162791,348
2026,"Drake",47.3577235772358,252,14.2622051563357,58,29.6296296296296,208,30.8943089430894,260
2026,"Drexel",44.8717948717949,302,19.9646965731329,269,39.2,40,20,354
2026,"Duke",59.3253968253968,23,14.1586953773545,56,38.6861313868613,44,44.8412698412698,72
2026,"Duquesne",56.4049586776859,63,18.9486806565552,223,31.25,173,42.1487603305785,99
2026,"East Carolina",48.3333333333333,233,16.8530222006158,145,33.3333333333333,134,60,6
2026,"East Tennessee St.",53.7037037037037,111,18.0300907595785,187,25.2631578947368,300,38.2716049382716,157
2026,"East Texas A&M",46.1309523809524,277,22.2071153410378,326,23.8095238095238,324,33.3333333333333,224
2026,"Eastern Illinois",41.421568627451,345,21.5854112393003,315,25.8992805755396,289,44.6078431372549,75
2026,"Eastern Kentucky",47.1074380165289,260,18.8917938770347,222,23.0769230769231,331,32.2314049586777,242
2026,"Eastern Michigan",43.9024390243902,319,16.6291356313875,136,38.1679389312977,53,25.8536585365854,325
2026,"Eastern Washington",55.0884955752212,84,18.7697295452606,215,19.8412698412698,352,33.1858407079646,230
2026,"Elon",54.9019607843137,93,12.802825451134,29,36.1344537815126,87,36.7647058823529,182
2026,"Evansville",41.9354838709677,338,16.5429081680609,134,32.5,147,22.5806451612903,342
2026,"FIU",45.7746478873239,281,19.3688967799209,240,34.8314606741573,110,19.0140845070423,356
2026,"Fairfield",44.7204968944099,307,14.666712788405,68,29.3023255813953,215,30.7453416149068,262
2026,"Fairleigh Dickinson",45.3815261044177,292,18.644857832959,210,26.9461077844311,271,29.3172690763052,287
2026,"Florida",49.2753623188406,210,19.7267994833457,257,43.75,14,43.1159420289855,88
2026,"Florida A&M",40.0826446280992,352,23.7693728418855,345,27.8787878787879,249,39.2561983471074,144
2026,"Florida Atlantic",51.0526315789474,166,14.8595309960529,74,32.2314049586777,153,37.3684210526316,173
2026,"Florida Gulf Coast",49.5614035087719,202,10.1382488479263,5,39.2592592592593,39,16.6666666666667,363
2026,"Florida St.",55.188679245283,82,14.0291210543097,52,30.952380952381,179,30.188679245283,275
2026,"Fordham",42.0512820512821,335,12.9023933939746,35,37.3015873015873,67,24.1025641025641,337
2026,"Fresno St.",52.2831050228311,145,20.7509012573639,296,30.0751879699248,200,42.4657534246575,94
2026,"Furman",46.7455621301775,266,25.2841427095363,354,31.4285714285714,168,24.8520710059172,330
2026,"Gardner Webb",45.4802259887006,288,19.7712512213346,262,28.3333333333333,237,38.4180790960452,155
2026,"George Mason",48.5119047619048,227,18.2912154031288,197,36.5384615384615,78,51.1904761904762,31
2026,"George Washington",58.0508474576271,37,18.5961562409198,207,39.8496240601504,34,55.0847457627119,13
2026,"Georgetown",47.6890756302521,244,10.6614544000711,7,31.2925170068027,172,51.6806722689076,28
2026,"Georgia",52.9745042492918,128,13.3316241507499,43,44.8979591836735,8,43.9093484419263,82
2026,"Georgia Southern",57.9365079365079,38,14.5477884152538,63,28.8288288288288,229,46.031746031746,63
2026,"Georgia St.",41.5178571428571,344,22.5639159312165,330,29.0540540540541,223,28.5714285714286,294
2026,"Georgia Tech",47.7732793522267,241,20.0723922342876,273,29.2993630573248,216,33.1983805668016,229
2026,"Gonzaga",58.3577712609971,34,13.4970981239034,47,38.6363636363636,45,29.3255131964809,286
2026,"Grambling St.",57.0945945945946,55,25.3164556962025,355,24.0963855421687,321,39.1891891891892,147
2026,"Grand Canyon",50.996015936255,168,18.692382853987,213,37.1428571428571,69,33.0677290836653,233
2026,"Green Bay",47.4178403755869,251,17.7539414674742,184,18.4397163120567,358,36.150234741784,189
2026,"Hampton",42.2594142259414,332,19.2940958211586,238,38.5093167701863,50,37.6569037656904,170
2026,"Harvard",52.8205128205128,131,20.5001660893086,287,24.5762711864407,313,44.6153846153846,74
2026,"Hawaii",50.6993006993007,172,19.8627538880651,267,37.9518072289157,57,53.4965034965035,17
2026,"High Point",56.9169960474308,57,10.4716610672368,6,26.056338028169,286,33.9920948616601,219
2026,"Hofstra",50,186,17.5655894606463,175,33.9449541284404,126,40.6593406593407,116
2026,"Holy Cross",48.6784140969163,222,17.2716232627176,158,18.8811188811189,354,29.9559471365639,278
2026,"Houston",49.2277992277992,212,15.6578193622303,102,39.0728476821192,42,18.1467181467181,359
2026,"Houston Christian",50,186,18.6446755109358,209,23.2876712328767,329,20.1680672268908,353
2026,"Howard",54.0880503144654,102,24.0830619893101,347,34.0909090909091,124,32.0754716981132,247
2026,"IU Indy",52.5167785234899,138,18.1718263418208,193,29.1666666666667,220,22.1476510067114,345
2026,"Idaho",50,186,18.2221423005455,195,33.0357142857143,140,36.1581920903955,188
2026,"Idaho St.",52.5,140,22.4119530416222,328,41.7582417582418,22,30.625,268
2026,"Illinois",57.8947368421053,40,13.4854771784232,46,44.2857142857143,11,39.4736842105263,137
2026,"Illinois Chicago",50.3105590062112,182,20.7865832053856,299,35.0515463917526,103,52.7950310559006,23
2026,"Illinois St.",48.0932203389831,236,15.0268336314848,80,28.2894736842105,239,40.6779661016949,115
2026,"Incarnate Word",44.5378151260504,311,10.7754473734847,9,18.75,355,25.2100840336134,327
2026,"Indiana",62.2362869198312,12,12.8182303720847,30,32.7731092436975,144,39.2405063291139,145
2026,"Indiana St.",46.3483146067416,272,20.7576543850545,297,27.3504273504273,262,29.7752808988764,280
2026,"Iona",58.9005235602094,28,17.3404140023843,163,26.4150943396226,280,30.8900523560209,261
2026,"Iowa",63.5135135135135,6,15.8464871556794,109,29.7297297297297,204,61.4864864864865,5
2026,"Iowa St.",61.0687022900763,15,12.676116654533,25,35.7664233576642,96,35.4961832061069,197
2026,"Jackson St.",39.7790055248619,354,16.7392410790024,140,16.2790697674419,364,25.9668508287293,321
2026,"Jacksonville",51.7341040462428,154,22.4853486425069,329,28.8461538461538,227,23.121387283237,340
2026,"Jacksonville St.",50.8771929824561,170,11.9827747612807,17,23.6842105263158,326,40.3508771929825,127
2026,"James Madison",53.2786885245902,119,19.7813638729828,263,28.0821917808219,243,27.0491803278689,314
2026,"Kansas",58.675799086758,32,17.6680037860008,180,27.3504273504273,262,40.6392694063927,117
2026,"Kansas City",45.4326923076923,289,15.8940397350993,113,31.7829457364341,163,25,328
2026,"Kansas St.",63.1578947368421,8,20.0205128205128,271,35.3982300884956,99,34.412955465587,212
2026,"Kennesaw St.",53.125,121,17.4808802871859,171,35.8974358974359,93,52.34375,26
2026,"Kent St.",55.3459119496855,80,16.819769698538,141,38.5869565217391,47,50.9433962264151,33
2026,"Kentucky",59.7328244274809,18,15.8977017452912,114,39.0070921985816,43,30.5343511450382,270
2026,"LIU",56.0924369747899,67,21.8091697645601,318,35.9712230215827,90,43.2773109243698,86
2026,"LSU",60.1123595505618,16,16.9017301433221,146,42.0454545454545,19,51.123595505618,32
2026,"La Salle",48.6301369863014,224,18.8906380220391,221,34.2857142857143,120,46.5753424657534,56
2026,"Lafayette",48.4848484848485,229,18.4618115652598,204,25,302,33.7662337662338,222
2026,"Lamar",48.0769230769231,237,13.1843984618202,40,32,159,21.5384615384615,350
2026,"Le Moyne",52.7906976744186,132,23.0098676932608,336,24.8,311,34.4186046511628,211
2026,"Lehigh",44.9367088607595,300,19.7068604507944,255,17.7570093457944,361,31.6455696202532,251
2026,"Liberty",66.2393162393162,1,10.7392846869307,8,25.8620689655172,291,25.6410256410256,326
2026,"Lindenwood",44.6581196581197,310,20.7398872474384,295,26.7080745341615,276,44.4444444444444,79
2026,"Lipscomb",44.0860215053763,316,18.7252430680591,214,32.1739130434783,155,23.6559139784946,338
2026,"Little Rock",52.5157232704403,139,28.4994779190467,364,33.695652173913,130,24.5283018867925,333
2026,"Long Beach St.",45.6709956709957,282,20.0384666994677,272,27.3333333333333,264,29.004329004329,289
2026,"Longwood",42.8191489361702,329,11.6706541401646,15,32.03125,158,45.7446808510638,65
2026,"Louisiana",47.2093023255814,255,19.358024691358,239,29.4117647058824,212,30.2325581395349,274
2026,"Louisiana Monroe",50,186,19.5851050122407,246,20.2797202797203,349,31.5789473684211,253
2026,"Louisiana Tech",39.0350877192982,358,19.8340802898827,265,36.046511627907,88,42.1052631578947,100
2026,"Louisville",59.5864661654135,19,14.1189683526533,55,37.7483443708609,61,48.4962406015038,47
2026,"Loyola Chicago",49.2753623188406,210,17.5412067140481,174,30.9782608695652,178,43.1159420289855,88
2026,"Loyola MD",51.3333333333333,158,16.6481687014428,138,24.6153846153846,312,30.6666666666667,267
2026,"Loyola Marymount",57.7854671280277,43,18.1288442861768,190,28.4023668639053,233,32.5259515570934,238
2026,"Maine",45.343137254902,293,20.3242644002032,281,17.9856115107914,360,34.8039215686275,206
2026,"Manhattan",49.3150684931507,208,17.277856135402,160,29.1970802919708,219,49.3150684931507,41
2026,"Marist",50,186,22.6155358898722,332,25,302,28.125,301
2026,"Marquette",50.3048780487805,183,15.4558475733653,94,37.1287128712871,70,40.2439024390244,130
2026,"Marshall",59.0336134453782,25,22.9790726302831,335,32.3076923076923,151,32.3529411764706,240
2026,"Maryland",50.4587155963303,180,19.1938579654511,235,30.8270676691729,184,53.2110091743119,20
2026,"Maryland Eastern Shore",34.703196347032,364,30.5107832009081,365,28.8461538461538,227,17.8082191780822,361
2026,"Massachusetts",53.0241935483871,125,20.6551557205099,293,37.2413793103448,68,44.758064516129,73
2026,"McNeese",56.25,66,18.6393289841566,208,30.3571428571429,195,64.5833333333333,3
2026,"Memphis",48.3783783783784,232,17.5675675675676,176,33.0357142857143,140,41.0810810810811,110
2026,"Mercer",48.4042553191489,231,14.5611739946533,64,26.271186440678,282,31.9148936170213,249
2026,"Mercyhurst",47.3214285714286,253,17.0253014897139,149,27.8195488721805,252,31.25,258
2026,"Merrimack",45.5357142857143,286,19.5989474639325,247,29.1390728476821,221,40.625,118
2026,"Miami FL",55.3359683794466,81,14.2384105960265,57,32.8571428571429,143,44.2687747035573,80
2026,"Miami OH",56.5573770491803,62,16.2400706090026,123,27.9411764705882,245,26.2295081967213,319
2026,"Michigan",59.4594594594595,20,20.1080271672282,275,38.2022471910112,52,37.8378378378378,167
2026,"Michigan St.",47.2067039106145,256,16.2112373349708,122,45.5357142857143,5,49.1620111731844,44
2026,"Middle Tennessee",54.9180327868852,91,15.4413054921916,93,26.4705882352941,279,27.8688524590164,304
2026,"Milwaukee",51.797385620915,153,15.3294080758109,87,32.0652173913044,157,38.2352941176471,158
2026,"Minnesota",52.0089285714286,149,16.3554586343192,129,39.4366197183099,36,54.9107142857143,14
2026,"Mississippi",55.672268907563,75,12.5623498983928,23,35.9712230215827,90,42.436974789916,95
2026,"Mississippi St.",53.804347826087,105,22.1669305586971,324,40.1869158878505,32,33.1521739130435,232
2026,"Mississippi Valley St.",42.7118644067797,331,22.6065640746289,331,25,302,26.1016949152542,320
2026,"Missouri",63.9175257731959,5,19.0226755806741,227,37.012987012987,72,45.360824742268,69
2026,"Missouri St.",42.9245283018868,328,19.606186089749,248,25.7142857142857,293,57.5471698113208,10
2026,"Monmouth",45.2631578947368,294,27.0651254581336,361,31.25,173,46.3157894736842,61
2026,"Montana",54.7222222222222,95,19.043588658485,229,24.4897959183673,317,40.5555555555556,120
2026,"Montana St.",52.5641025641026,137,16.2511542012927,125,22.7272727272727,334,20.5128205128205,352
2026,"Morehead St.",41.9597989949749,337,20.9591069597904,302,37.8787878787879,58,24.1206030150754,336
2026,"Morgan St.",45.2513966480447,295,19.0764220076771,233,38.0530973451327,56,41.8994413407821,101
2026,"Mount St. Mary's",49.7560975609756,199,25.4753889545992,357,25,302,35.1219512195122,203
2026,"Murray St.",57.9051383399209,39,17.2207605835924,157,35.7664233576642,96,44.2687747035573,80
2026,"N.C. State",64.5748987854251,3,14.9083054508492,77,37.7952755905512,60,43.7246963562753,83
2026,"NJIT",51.131221719457,164,20.3767950463309,283,25.5474452554745,295,38.0090497737557,162
2026,"Navy",51.8867924528302,151,20.6099095320832,291,26.1363636363636,285,41.5094339622642,104
2026,"Nebraska",59.3625498007968,22,12.591815320042,24,30.9352517985612,180,31.4741035856574,254
2026,"Nebraska Omaha",53.7280701754386,109,17.3709124071742,165,25,302,39.0350877192982,149
2026,"Nevada",46.2,275,12.5363778822476,22,38.2352941176471,51,51.2,30
2026,"New Hampshire",40.2366863905325,351,21.8898212331266,319,16.9642857142857,363,16.5680473372781,364
2026,"New Haven",46.692607003891,267,22.1884498480243,325,21.9512195121951,342,28.4046692607004,297
2026,"New Mexico",50.2100840336134,184,15.9843708374034,115,27.8571428571429,250,35.2941176470588,198
2026,"New Mexico St.",50,186,12.1742438653224,18,30.7692307692308,185,46.4285714285714,59
2026,"New Orleans",50.5813953488372,178,19.6170014012144,250,31.6831683168317,166,37.2093023255814,174
2026,"Niagara",50.9569377990431,169,16.8251995602505,142,20.1550387596899,351,34.4497607655502,210
2026,"Nicholls",42.1940928270042,333,18.6706162200978,212,27.7777777777778,255,31.6455696202532,251
2026,"Norfolk St.",40.5027932960894,350,18.8847773382672,219,35.3846153846154,100,30.7262569832402,264
2026,"North Alabama",47.2689075630252,254,17.3066522444565,161,32.2368421052632,152,35.7142857142857,192
2026,"North Carolina",55.9760956175299,72,14.7886732207378,71,40.5594405594406,29,49.003984063745,46
2026,"North Carolina A&T",47.9508196721311,239,19.7830248883216,264,28.2051282051282,242,45.0819672131148,70
2026,"North Carolina Central",37.0535714285714,363,17.425962830792,167,26.3473053892216,281,40.1785714285714,132
2026,"North Dakota",49.800796812749,198,13.2337970817781,41,22.0858895705521,339,31.0756972111554,259
2026,"North Dakota St.",46.25,274,14.0063199248441,51,35.9756097560976,89,25,328
2026,"North Florida",41.6666666666667,342,21.1640211640212,307,22.093023255814,338,26.984126984127,315
2026,"North Texas",44.7963800904977,305,17.6695788750368,181,33.8028169014084,129,35.7466063348416,190
2026,"Northeastern",48.5106382978723,228,15.4585898530535,95,29.3333333333333,214,40.4255319148936,126
2026,"Northern Arizona",40,353,16.4022107327509,131,28.2608695652174,240,14.0740740740741,365
2026,"Northern Colorado",55.6451612903226,77,24.224072672218,349,34.2857142857143,120,40.3225806451613,128
2026,"Northern Illinois",54.6583850931677,96,25.3910677850827,356,34.4827586206897,118,48.4472049689441,49
2026,"Northern Iowa",56.6265060240964,60,14.0306921390542,53,18.5567010309278,357,28.3132530120482,298
2026,"Northern Kentucky",42.9752066115703,327,23.2660615140566,340,29.4117647058824,212,22.3140495867769,344
2026,"Northwestern",58.695652173913,31,12.9972612913707,36,34.9593495934959,106,42.1739130434783,98
2026,"Northwestern St.",47.0779220779221,262,20.5483543396452,288,26.8041237113402,273,50,38
2026,"Notre Dame",57.8723404255319,41,17.8368294125677,186,39.0977443609023,41,37.0212765957447,177
2026,"Oakland",46.9262295081967,264,15.240795711311,86,24.5033112582781,316,27.8688524590164,304
2026,"Ohio",50.207468879668,185,16.8334263752308,144,24.822695035461,310,34.0248962655602,218
2026,"Ohio St.",61.244019138756,14,17.4413534490276,169,28.9719626168224,225,57.8947368421053,9
2026,"Oklahoma",57.7519379844961,44,15.892895702872,112,36.231884057971,83,31.3953488372093,257
2026,"Oklahoma St.",52.2304832713755,146,17.4637824965271,170,36.3636363636364,79,39.4052044609665,139
2026,"Old Dominion",49.0963855421687,216,21.1742059672762,308,29.7029702970297,206,34.3373493975904,214
2026,"Oral Roberts",45.2127659574468,297,16.7121966896995,139,21.7741935483871,346,36.1702127659574,187
2026,"Oregon",48,238,18.8511470745154,217,37.4149659863946,64,52.8888888888889,22
2026,"Oregon St.",51.2755102040816,161,20.3112511166486,279,28.9256198347107,226,53.0612244897959,21
2026,"Pacific",55.0595238095238,85,20.0746965452848,274,26.2135922330097,284,36.9047619047619,180
2026,"Penn",48.6413043478261,223,18.1621621621622,191,27.1186440677966,268,42.9347826086956,91
2026,"Penn St.",58.8983050847458,29,11.0036046291026,11,29.5081967213115,211,29.6610169491525,281
2026,"Pepperdine",41.4179104477612,346,15.8265955616721,108,34.8837209302326,108,32.089552238806,246
2026,"Pittsburgh",52.7075812274368,134,19.5290494610733,245,34.5238095238095,115,37.9061371841155,165
2026,"Portland",45.6521739130435,283,22.0311358399371,323,25.4545454545455,296,54.0372670807453,15
2026,"Portland St.",56.6666666666667,58,21.9792542753014,322,31.7307692307692,164,30.5555555555556,269
2026,"Prairie View A&M",41.7989417989418,341,16.3537575985798,127,18.2539682539683,359,30.6878306878307,266
2026,"Presbyterian",45.4022988505747,291,20.615336560987,292,34.5238095238095,115,41.3793103448276,107
2026,"Princeton",44.3181818181818,312,18.4704184704185,205,23.8095238095238,324,36.9318181818182,179
2026,"Providence",55,87,15.0537634408602,81,28.6666666666667,230,39.2592592592593,143
2026,"Purdue",56.9230769230769,56,12.8205128205128,31,42.6573426573427,18,29.6153846153846,282
2026,"Purdue Fort Wayne",45.6410256410256,284,15.6520766951758,101,21.9512195121951,342,22.0512820512821,347
2026,"Queens",53.765690376569,107,21.9631694542997,321,29.6296296296296,208,28.0334728033473,302
2026,"Quinnipiac",43.7022900763359,321,19.0565315411119,231,34.6153846153846,113,25.9541984732824,322
2026,"Radford",44.2231075697211,315,16.1040050325016,120,32.5714285714286,145,45.0199203187251,71
2026,"Rhode Island",52.3913043478261,142,18.0946349407401,189,38.5826771653543,48,40.4347826086956,125
2026,"Rice",45.2173913043478,296,18.9599888470654,224,34.3949044585987,119,36.9565217391304,178
2026,"Richmond",49.5614035087719,202,17.1957671957672,156,34.2105263157895,122,71.9298245614035,1
2026,"Rider",32.0175438596491,365,21.4436147807773,313,38.6363636363636,45,41.2280701754386,109
2026,"Robert Morris",56.0344827586207,70,27.9378383097608,363,41.5384615384615,24,25.8620689655172,324
2026,"Rutgers",51.1428571428571,163,15.4382470119522,92,44.0366972477064,12,50.8571428571429,35
2026,"SIUE",46.6666666666667,268,18.0720114333134,188,30.8724832214765,182,24.5833333333333,332
2026,"SMU",53.0364372469636,124,15.7950010501995,107,36.1702127659574,86,46.5587044534413,58
2026,"Sacramento St.",52.4096385542169,141,20.2615149016374,278,29.2929292929293,217,41.566265060241,103
2026,"Sacred Heart",46.045197740113,278,19.1078999223742,234,31.3559322033898,169,33.8983050847458,220
2026,"Saint Francis",43.8144329896907,320,18.5709432680331,206,27.5,260,17.5257731958763,362
2026,"Saint Joseph's",44.8473282442748,303,16.8269230769231,143,34.5911949685535,114,27.4809160305344,312
2026,"Saint Louis",62.0408163265306,13,21.3425399191808,312,34.7107438016529,112,41.6326530612245,102
2026,"Saint Mary's",58.8888888888889,30,18.2503840960939,196,42.0168067226891,20,40.4444444444444,124
2026,"Saint Peter's",43.1034482758621,325,19.7275137167869,259,37.0689655172414,71,39.0804597701149,148
2026,"Sam Houston St.",48.5185185185185,226,16.6464366221606,137,36.5853658536585,75,24.4444444444444,334
2026,"Samford",52.1172638436482,147,12.7084988085782,27,25.6410256410256,294,41.042345276873,112
2026,"San Diego",56.0869565217391,68,17.6397277346371,177,31.25,173,21.7391304347826,349
2026,"San Diego St.",58.256880733945,35,20.3198494825964,280,30.3571428571429,195,28.4403669724771,295
2026,"San Francisco",53.3536585365854,117,21.318173743116,311,37.3737373737374,65,44.5121951219512,77
2026,"San Jose St.",50,186,17.0854271356784,151,29.8076923076923,202,33.3333333333333,224
2026,"Santa Clara",59.4240837696335,21,17.664259712359,179,45.6310679611651,4,30.3664921465969,272
2026,"Seattle",62.4454148471616,9,19.7197716658018,256,27.5,260,31.8777292576419,250
2026,"Seton Hall",45.0854700854701,298,13.0637337303684,38,40.9090909090909,28,49.1452991452991,45
2026,"Siena",45.9574468085106,280,17.1903352115366,154,41.958041958042,21,35.7446808510638,191
2026,"South Alabama",53.056768558952,122,16.245572609209,124,33.3333333333333,134,34.061135371179,217
2026,"South Carolina",53.804347826087,105,15.7745171953836,105,31.25,173,40.2173913043478,131
2026,"South Carolina St.",39.7379912663755,355,24.5124425489628,352,28.3132530120482,238,41.4847161572052,106
2026,"South Dakota",45.6273764258555,285,15.5875786482647,98,34.9112426035503,107,44.4866920152091,78
2026,"South Dakota St.",49.1017964071856,215,20.559260845622,289,32.3529411764706,150,32.3353293413174,241
2026,"South Florida",54.7528517110266,94,14.3529224144805,60,44.3708609271523,10,57.0342205323194,11
2026,"Southeast Missouri",47.1354166666667,258,16.4475463939837,133,22.6086956521739,335,30.7291666666667,263
2026,"Southeastern Louisiana",39.5089285714286,357,19.6542311191993,251,25.4545454545455,296,39.7321428571429,136
2026,"Southern",47.7443609022556,242,15.6030581994071,99,27.710843373494,256,39.8496240601504,134
2026,"Southern Illinois",57.5129533678756,47,15.4863687691563,96,29.7029702970297,206,35.2331606217617,201
2026,"Southern Indiana",38.3084577114428,362,16.0371386368432,119,24.2857142857143,319,33.3333333333333,224
2026,"Southern Miss",48.6111111111111,225,16.1548969531389,121,36.1904761904762,84,38.8888888888889,150
2026,"Southern Utah",43.3712121212121,324,19.8585081295768,266,28.2352941176471,241,22.3484848484848,343
2026,"St. Bonaventure",54.9586776859504,90,18.1663355095089,192,44.6153846153846,9,28.9256198347107,291
2026,"St. John's",56.0386473429952,69,14.9261257626948,78,35.8974358974359,93,46.3768115942029,60
2026,"St. Thomas",57.1691176470588,54,14.6142273801848,65,12.5827814569536,365,31.9852941176471,248
2026,"Stanford",51.2626262626263,162,14.8132011763424,72,30.4347826086957,191,36.3636363636364,184
2026,"Stephen F. Austin",57.5842696629214,45,15.3422030444684,88,30.4761904761905,189,38.2022471910112,159
2026,"Stetson",41.8079096045198,340,20.7597173144876,298,23.6220472440945,327,37.8531073446328,166
2026,"Stonehill",47.5862068965517,245,23.278370514064,341,21.7877094972067,345,18.2758620689655,358
2026,"Stony Brook",54.9107142857143,92,14.9504765464399,79,23.8805970149254,323,35.7142857142857,192
2026,"Syracuse",58.4239130434783,33,12.6837002256235,26,31.9148936170213,160,28.2608695652174,299
2026,"TCU",50.6072874493927,176,17.0360712733594,150,35.4609929078014,98,37.6518218623482,171
2026,"Tarleton St.",49.288256227758,209,21.0179703646618,306,37.8048780487805,59,45.9074733096085,64
2026,"Temple",52.34375,143,9.42694120565616,1,36.283185840708,82,32.8125,235
2026,"Tennessee",57.824427480916,42,19.6931733263001,253,52.6315789473684,1,30.5343511450382,270
2026,"Tennessee Martin",60,17,24.1022718019705,348,27.2727272727273,265,61.9047619047619,4
2026,"Tennessee St.",44.0740740740741,317,17.1143332541003,152,32.967032967033,142,40,133
2026,"Tennessee Tech",50.6369426751592,174,24.4413826154676,351,26.7326732673267,275,35.6687898089172,195
2026,"Texas",49.003984063745,218,14.3001191676597,59,43.125,16,45.4183266932271,67
2026,"Texas A&M",51.593625498008,155,16.3551401869159,128,31.7880794701987,162,42.6294820717131,93
2026,"Texas A&M Corpus Chris",39.5491803278689,356,17.3913043478261,166,25.8426966292135,292,35.2459016393443,200
2026,"Texas Southern",46.9162995594714,265,20.7931583801459,300,24.5161290322581,315,40.5286343612335,122
2026,"Texas St.",48.2300884955752,235,19.7442225712363,261,31.1111111111111,177,34.5132743362832,208
2026,"Texas Tech",55.0561797752809,86,14.0894681225784,54,40.251572327044,31,31.4606741573034,255
2026,"The Citadel",50,186,13.0894641500614,39,22.5225225225225,336,39.4444444444444,138
2026,"Toledo",56.0085836909871,71,19.4366957617205,241,33.8345864661654,128,33.0472103004292,234
2026,"Towson",40.6060606060606,349,18.9885936572823,226,32.4561403508772,148,30.3030303030303,273
2026,"Troy",53.7117903930131,110,18.212478920742,194,23.6220472440945,327,38.4279475982533,154
2026,"Tulane",52.020202020202,148,13.0037768322417,37,17.3913043478261,362,52.5252525252525,24
2026,"Tulsa",54,103,16.4020854080019,130,36.7924528301887,73,50.8571428571429,35
2026,"UAB",49.0875912408759,217,14.4207659029002,62,34.1463414634146,123,37.956204379562,163
2026,"UC Davis",51.4705882352941,156,22.2973373658305,327,35,105,35.2941176470588,198
2026,"UC Irvine",42.7966101694915,330,15.4103852596315,90,26.5060240963855,278,51.6949152542373,27
2026,"UC Riverside",57.4829931972789,48,25.5258804065233,359,20.2380952380952,350,41.4965986394558,105
2026,"UC San Diego",57.4404761904762,49,19.4878498009625,242,25,302,32.1428571428571,244
2026,"UC Santa Barbara",55.3763440860215,79,11.9146908137734,16,30.7692307692308,185,32.7956989247312,236
2026,"UCF",58.9700996677741,27,19.2548899962711,237,38.125,54,40.531561461794,121
2026,"UCLA",52.7659574468085,133,16.9037892660938,147,36.71875,74,29.7872340425532,279
2026,"UMBC",54.6296296296296,97,23.8582539032805,346,30.5263157894737,188,40.7407407407407,114
2026,"UMass Lowell",43.5267857142857,323,21.4700025971777,314,26.8456375838926,272,40.625,118
2026,"UNC Asheville",53.0487804878049,123,23.0182031708749,337,30.8510638297872,183,37.1951219512195,175
2026,"UNC Greensboro",47.1111111111111,259,18.8905919880691,220,22.0125786163522,341,49.7777777777778,39
2026,"UNC Wilmington",43.609022556391,322,12.743628185907,28,41.6666666666667,23,34.5864661654135,207
2026,"UNLV",56.6115702479339,61,17.4948365933665,172,35.8208955223881,95,52.4793388429752,25
2026,"USC",54.9751243781095,88,12.8259940145361,32,41.2280701754386,25,53.2338308457711,19
2026,"USC Upstate",49.685534591195,201,23.1455832563866,338,30,201,40.251572327044,129
2026,"UT Arlington",44.2477876106195,314,27.0751692198076,362,40,33,36.283185840708,186
2026,"UT Rio Grande Valley",57.3684210526316,51,17.6580951329875,178,22.1153846153846,337,20,354
2026,"UTEP",41.6666666666667,342,18.3066361556064,200,22.972972972973,332,28.7037037037037,293
2026,"UTSA",45.4301075268817,290,14.4135487358117,61,30.8943089430894,181,33.8709677419355,221
2026,"Utah",53.2818532818533,118,15.0880134115675,82,35.031847133758,104,38.6100386100386,151
2026,"Utah St.",51.4705882352941,156,19.0321457583846,228,38.0952380952381,55,53.5294117647059,16
2026,"Utah Tech",47.7027027027027,243,17.735294964443,183,29.2887029288703,218,32.4324324324324,239
2026,"Utah Valley",55.7142857142857,74,21.2838997596979,310,22.0338983050847,340,49.5238095238095,40
2026,"VCU",53.9094650205761,104,19.7061071944279,254,36.1842105263158,85,46.0905349794239,62
2026,"VMI",47.5409836065574,246,19.063829787234,232,25.4237288135593,298,28.9617486338798,290
2026,"Valparaiso",41.991341991342,336,14.7479030325376,69,30.4093567251462,192,44.5887445887446,76
2026,"Vanderbilt",62.3188405797101,11,9.78820352712851,2,35.9712230215827,90,30.0724637681159,277
2026,"Vermont",56.640625,59,15.2053549293447,84,24.2857142857143,319,26.5625,318
2026,"Villanova",54.5801526717557,98,16.5738225680217,135,47.0588235294118,3,30.1526717557252,276
2026,"Virginia",59.0725806451613,24,14.8367952522255,73,48.2758620689655,2,42.741935483871,92
2026,"Virginia Tech",54.1666666666667,100,10.0837602667317,4,35.1515151515151,101,33.6805555555556,223
2026,"Wagner",49.1489361702128,214,21.7450394128839,317,31.3333333333333,171,24.6808510638298,331
2026,"Wake Forest",50.3484320557491,181,15.7536134850931,104,37.5,63,34.4947735191638,209
2026,"Washington",53,126,15.1412734892524,83,39.2857142857143,38,34.4,213
2026,"Washington St.",51.0964912280702,165,15.7812643361776,106,28.5714285714286,231,36.4035087719298,183
2026,"Weber St.",44.0298507462687,318,17.520431600876,173,34.0740740740741,125,39.8009950248756,135
2026,"West Georgia",47.1074380165289,260,18.3107440983754,201,30.4635761589404,190,27.6859504132231,308
2026,"West Virginia",51.3059701492537,159,14.8648136210231,75,27.810650887574,254,48.134328358209,51
2026,"Western Carolina",44.300518134715,313,23.5268489271321,343,28.3464566929134,236,18.6528497409326,357
2026,"Western Illinois",46.4622641509434,271,19.6155355041193,249,30.3030303030303,198,36.3207547169811,185
2026,"Western Kentucky",49.7448979591837,200,10.0772221917958,3,31.3559322033898,169,48.469387755102,48
2026,"Western Michigan",50.6072874493927,176,19.9551010226989,268,32.3741007194245,149,35.2226720647773,202
2026,"Wichita St.",56.3451776649746,64,12.3912784463243,21,43.3628318584071,15,38.0710659898477,160
2026,"William & Mary",48.8700564971751,221,20.4865556978233,285,27.027027027027,269,43.5028248587571,85
2026,"Winthrop",49.8031496062992,197,11.6211504938989,14,27.710843373494,256,47.244094488189,54
2026,"Wisconsin",58.1712062256809,36,13.2426628489621,42,41.0071942446043,27,34.2412451361868,215
2026,"Wofford",49.3362831858407,206,19.2205018686599,236,27.9411764705882,245,37.6106194690265,172
2026,"Wright St.",53.6796536796537,112,17.7116542685087,182,27.2058823529412,267,34.1991341991342,216
2026,"Wyoming",53,126,16.0147162257209,117,33.6,133,38.5,152
2026,"Xavier",44.7136563876652,308,16.9041945780695,148,26.25,283,42.2907488986784,97
2026,"Yale",62.3595505617978,10,15.645371577575,100,39.5348837209302,35,39.3258426966292,141
2026,"Youngstown St.",54.9707602339181,89,16.3520500180353,126,26,288,33.3333333333333,224
