"Season","TeamName","Tempo","RankTempo","AdjTempo","RankAdjTempo","OE","RankOE","AdjOE","RankAdjOE","DE","RankDE","AdjDE","RankAdjDE","AdjEM","RankAdjEM"
"2026","Abilene Christian",68.0188,270,70.9134,164,102.13,222,101.392,281,108.12,183,105.258,127,-3.86649,203
"2026","Air Force",68.5813,252,66.9521,352,91.2993,316,98.1789,333,111.34,232,111.847,299,-13.6679,328
"2026","Akron",73.9042,92,73.7179,43,120.571,53,114.755,61,107.258,174,103.973,104,10.7821,80
"2026","Alabama",75.6708,50,75.5544,4,120.521,54,121.384,12,108.068,182,99.5386,54,21.8455,20
"2026","Alabama A&M",69.2,235,68.8723,296,93.1709,304,97.7579,337,109.113,200,110.278,251,-12.5202,317
"2026","Alabama St.",74.5875,70,71.5709,127,92.7026,308,101.217,284,120.269,314,109.823,233,-8.60597,277
"2026","Albany",72.2167,138,70.5406,190,81.782,360,99.6835,318,112.581,251,110.968,272,-11.285,303
"2026","Alcorn St.",71.3225,163,71.1132,152,90.709,319,98.6635,329,121.644,325,113.861,325,-15.1978,345
"2026","American",76.0917,46,70.0032,233,98.5039,261,100.81,295,119.696,310,111.547,289,-10.7368,299
"2026","Appalachian St.",65.5437,343,66.6203,357,106.256,178,103.315,238,109.992,206,107.926,177,-4.61137,213
"2026","Arizona",72.8562,120,73.3808,59,116.232,80,120.911,14,91.4804,37,94.9649,12,25.9459,11
"2026","Arizona St.",71.1312,169,71.2947,148,106.054,182,109.956,110,94.6513,63,100.388,64,9.56876,86
"2026","Arkansas",73.8844,93,72.9291,72,116.543,77,115.917,51,93.9265,57,97.3407,24,18.5762,35
"2026","Arkansas Pine Bluff",74.1475,82,73.9068,35,91.8622,312,96.1891,353,127.523,347,117.867,361,-21.6782,363
"2026","Arkansas St.",76.3,43,73.739,40,104.677,199,106.741,166,113.774,261,108.384,190,-1.64361,161
"2026","Army",69.7958,210,70.1297,219,89.6307,325,97.6751,338,128.877,355,115.934,353,-18.2589,356
"2026","Auburn",69.034,240,70.6784,180,124.674,33,119.014,27,98.5106,97,99.0434,43,19.9708,30
"2026","Austin Peay",73.75,96,72.2231,100,94.2259,291,99.5431,321,88.2609,25,104.545,117,-5.00241,218
"2026","Ball St.",66.6,315,69.4584,264,96.4842,283,103.277,240,108.87,196,111.058,274,-7.781,261
"2026","Baylor",74.0792,86,71.0213,159,120.445,57,119.688,19,103.882,149,98.6727,36,21.0157,25
"2026","Bellarmine",72.6583,127,70.4302,194,99.6968,244,105.198,205,135.782,364,119.235,363,-14.0365,333
"2026","Belmont",74.2917,80,73.5113,54,112.103,117,109.192,119,90.6099,33,102.508,88,6.68355,104
"2026","Bethune Cookman",70.5704,184,71.1003,153,105.615,187,106.564,175,130.534,361,110.909,266,-4.34445,210
"2026","Binghamton",68.4563,256,69.1926,276,93.9651,294,99.5127,322,118.419,295,114.227,333,-14.7139,341
"2026","Boise St.",71.2417,166,70.0988,221,115.125,89,114.163,65,93.5044,53,99.5745,55,14.5884,55
"2026","Boston College",67.8396,274,68.9601,289,103.331,212,107.193,155,92.4517,44,100.704,73,6.48917,106
"2026","Boston University",63.6733,361,66.3485,360,112.985,111,107.261,154,122.192,328,115.641,350,-8.37982,271
"2026","Bowling Green",73.2292,113,73.1124,67,115.355,88,106.691,168,89.597,30,104.108,106,2.58296,126
"2026","Bradley",68.975,242,69.6085,253,101.231,234,105.746,191,99.9827,111,103.359,99,2.38675,131
"2026","Brown",64.8569,355,68.5974,305,97.8682,266,100.217,307,114.021,266,110.097,245,-9.87992,289
"2026","Bryant",69.5938,220,70.0276,229,87.2668,340,98.1786,334,107.833,180,111.684,294,-13.505,326
"2026","Bucknell",68.85,245,69.8774,240,98.7748,258,100.837,294,108.19,186,110.064,244,-9.2268,284
"2026","Buffalo",65.8958,336,69.628,252,118.652,63,105.02,207,105.575,164,112.081,305,-7.06023,250
"2026","Butler",78.2344,18,73.2503,64,122.357,43,114.886,59,93.2292,49,101.313,78,13.5737,64
"2026","BYU",68.7594,247,70.3224,200,123.396,39,123.131,7,99.5862,108,99.2419,45,23.8891,16
"2026","Cal Baptist",68.3792,260,69.0001,287,109.734,137,106.603,172,95.0492,68,107.443,168,-0.840444,153
"2026","Cal Poly",78.7,13,76.8688,2,94.9817,287,103.11,242,110.515,221,108.167,184,-5.05662,219
"2026","Cal St. Bakersfield",69.1312,236,70.1757,214,99.1843,254,101.84,272,115.661,281,109.344,210,-7.50456,259
"2026","Cal St. Fullerton",79.8333,6,74.8435,12,91.6836,315,96.9349,346,112.847,254,110.953,270,-14.018,332
"2026","California",74.5625,72,72.2261,99,118.161,69,113.446,71,97.2267,84,102.517,89,10.9288,78
"2026","Campbell",73.1583,115,72.08,107,99.6049,246,105.381,201,114.808,274,108.494,193,-3.11313,192
"2026","Canisius",63.7625,359,67.7838,336,88.7651,330,96.6819,349,126.987,343,114.872,344,-18.1905,355
"2026","Central Arkansas",72.1509,143,70.895,166,83.1517,357,98.0395,335,120.564,317,114.46,339,-16.4209,346
"2026","Central Connecticut",70.7667,180,69.2529,274,87.1949,341,95.8694,355,100.315,115,106.79,151,-10.9203,300
"2026","Central Michigan",66.525,320,69.5077,261,106.097,181,102.489,255,103.941,151,110.932,268,-8.44293,273
"2026","Charleston",66.5281,319,69.2559,273,113.733,103,109.783,111,119.264,303,112.253,308,-2.46971,178
"2026","Charleston Southern",74.4031,75,72.439,88,102.458,217,100.294,303,112.291,245,113.208,319,-12.9141,320
"2026","Charlotte",64.7875,356,65.7725,365,112.266,116,108.705,128,110.606,223,111.278,284,-2.57236,181
"2026","Chattanooga",68.1458,266,69.7455,244,101.709,229,110.404,105,136.488,365,113.928,327,-3.52403,195
"2026","Chicago St.",73.7719,95,70.7021,178,93.7605,299,97.7845,336,122.991,331,117.153,358,-19.3683,361
"2026","Cincinnati",77.4,31,74.1429,27,101.354,232,108.155,135,78.8302,4,91.1026,2,17.0522,42
"2026","Clemson",66.37,326,67.1649,349,127.811,20,119.101,26,88.5747,27,98.4462,31,20.6547,27
"2026","Cleveland St.",75.9531,48,73.7281,42,109.674,138,107.265,153,127.413,346,114.437,338,-7.17202,254
"2026","Coastal Carolina",71.2583,165,69.2221,275,98.3625,262,102.96,246,101.264,124,109.473,214,-6.51236,243
"2026","Colgate",67.415,293,69.1145,280,107.022,164,107.876,138,113.831,263,109.849,234,-1.97345,169
"2026","Colorado",72.1382,144,71.1482,151,126.836,24,115.017,58,110.347,219,105.647,137,9.37075,88
"2026","Colorado St.",66.5687,316,67.9055,330,138.612,1,120.145,16,106.804,170,105.286,128,14.8591,53
"2026","Columbia",67.2542,300,70.18,213,108.324,152,105.708,195,105.972,165,109.539,218,-3.83109,201
"2026","Connecticut",70.6031,183,69.7136,247,128.715,17,123.371,6,87.8522,24,95.8043,15,27.5665,7
"2026","Coppin St.",69.7,215,70.651,182,86.3954,348,91.0193,364,121.485,323,115.567,349,-24.5482,364
"2026","Cornell",75.6042,52,74.4596,19,115.863,82,110.812,100,115.87,285,112.644,311,-1.83237,164
"2026","Creighton",69.975,203,70.0229,230,114.416,101,117.804,33,99.3831,105,101.835,83,15.9682,49
"2026","CSUN",75.2906,61,75.1331,8,103.804,209,105.715,194,115.012,277,109.527,217,-3.81161,199
"2026","Dartmouth",72.9917,117,73.9296,33,95.0147,286,101.072,287,110.564,222,112.188,307,-11.1166,302
"2026","Davidson",68.9625,243,69.6588,249,114.552,96,109.237,118,101.22,123,105.454,134,3.78299,119
"2026","Dayton",69.8219,208,69.3119,269,116.083,81,113.15,77,98.4452,96,101.056,77,12.0934,74
"2026","Delaware",65.9,335,70.2887,206,105.24,193,106.158,183,124.869,335,111.836,298,-5.67803,228
"2026","Delaware St.",65.9094,334,69.6413,251,83.074,358,93.746,361,113.364,256,114.215,332,-20.4694,362
"2026","Denver",69.1281,237,69.7397,245,108.188,154,104.284,221,117.871,292,115.721,351,-11.437,305
"2026","DePaul",70.9812,174,71.0581,155,104.121,205,107.149,157,96.7217,81,102.604,91,4.54539,112
"2026","Detroit Mercy",77.1875,32,73.6619,45,96.8317,275,100.925,290,122.319,329,112.835,315,-11.9097,311
"2026","Drake",66.2931,328,68.7201,302,104.329,204,106.082,185,100.379,117,104.929,121,1.15314,139
"2026","Drexel",68.4542,257,68.1834,321,96.0116,285,102.051,265,120.021,312,110.839,264,-8.78846,280
"2026","Duke",74.1594,81,70.9825,162,128.872,16,123.386,4,79.577,6,93.6966,9,29.6895,2
"2026","Duquesne",72.8132,122,71.7456,122,113.171,108,108.814,127,103.934,150,103.607,100,5.20713,110
"2026","East Carolina",77.1375,34,71.9421,113,105.947,183,103.844,228,114.227,269,105.588,136,-1.74376,163
"2026","East Tennessee St.",68.4042,259,69.9863,234,105.66,186,106.515,177,100.233,114,106.599,148,-0.0840264,144
"2026","East Texas A&M",73.55,106,71.9068,115,87.4626,338,96.9821,345,111.698,237,111.24,282,-14.2579,335
"2026","Eastern Illinois",67.175,304,68.8503,297,89.0685,329,96.7442,348,112.439,246,108.968,199,-12.2241,313
"2026","Eastern Kentucky",74.1062,84,71.7116,124,94.9624,288,105.966,186,120.868,319,111.198,279,-5.23208,222
"2026","Eastern Michigan",72.1625,142,70.7944,170,101.457,230,102.55,253,99.4744,107,109.667,223,-7.11716,253
"2026","Eastern Washington",71.0819,172,72.0068,110,101.907,225,107.401,151,117.634,289,111.412,286,-4.01029,204
"2026","Elon",72.7435,126,70.2802,207,121.877,45,107.795,139,119.179,302,114.716,343,-6.92088,249
"2026","Evansville",66.4938,323,69.9102,239,91.8307,313,100.264,304,120.441,315,108.466,191,-8.20204,269
"2026","Fairfield",70.5544,186,71.3798,142,99.3301,250,101.234,283,101.396,126,109.662,222,-8.42811,272
"2026","Fairleigh Dickinson",73.7469,99,73.9983,31,91.7876,314,99.7472,317,124.457,332,118.055,362,-18.3081,357
"2026","FIU",77.4437,30,73.5798,50,94.8363,289,104.134,223,125.25,337,108.347,188,-4.21298,209
"2026","Florida",79.8406,5,75.154,7,109.945,134,119.751,17,94.0879,58,93.1363,6,26.6151,9
"2026","Florida A&M",77.8313,26,72.5852,83,82.0991,359,95.2099,358,121.487,324,113.244,320,-18.0344,352
"2026","Florida Atlantic",68.8153,246,71.2187,150,114.433,100,111.155,94,113.784,262,108.869,197,2.28658,132
"2026","Florida Gulf Coast",72.3333,134,69.803,243,117.973,71,108.65,130,128.889,356,111.078,275,-2.42767,176
"2026","Florida St.",78.4083,14,73.6532,47,121.7,47,113.175,76,92.7158,46,100.488,69,12.6869,69
"2026","Fordham",64.5875,357,67.6531,340,100.753,238,103.477,235,107.692,177,111.624,292,-8.14679,268
"2026","Fresno St.",71.0813,173,72.2194,101,104.076,206,104.316,220,98.8531,101,107.199,161,-2.88305,185
"2026","Furman",68.5542,253,69.5765,257,90.1569,322,104.484,214,111.792,240,107.596,173,-3.11194,191
"2026","Gardner Webb",72.4958,130,73.2687,63,92.9625,306,100.419,299,128.426,352,114.388,337,-13.9689,330
"2026","George Mason",69.25,234,68.2602,317,108.403,150,108.677,129,84.9234,12,99.4049,46,9.27209,90
"2026","George Washington",75.2844,62,73.5547,52,122.129,44,116.034,49,92.4498,43,102.551,90,13.4831,66
"2026","Georgetown",70.3469,194,70.9488,163,113.409,106,112.59,80,97.5163,88,99.9161,59,12.6742,70
"2026","Georgia",78.01,21,75.0398,10,127.526,21,117.678,35,79.3383,5,98.7825,39,18.8951,34
"2026","Georgia Southern",77.9042,25,74.7804,13,118.889,62,108.99,123,118.433,296,114.996,346,-6.00671,236
"2026","Georgia St.",68.6937,248,69.9859,235,86.4141,347,98.6216,330,103.17,140,110.103,246,-11.4814,307
"2026","Georgia Tech",74.0337,88,72.7365,79,93.9445,295,106.581,174,80.9555,7,97.2663,23,9.31455,89
"2026","Gonzaga",74.09,85,73.0001,70,126.232,26,122.051,10,78.51,3,92.0771,3,29.9737,1
"2026","Grambling St.",69.7833,212,69.9506,236,101.029,236,100.154,311,114.908,275,109.367,211,-9.21292,283
"2026","Grand Canyon",73.5594,105,71.7825,119,109.896,135,110.67,101,101.295,125,103.154,96,7.51546,99
"2026","Green Bay",65.6056,341,69.166,278,93.8214,298,100.524,298,122.435,330,113.839,324,-13.3152,324
"2026","Hampton",67.3781,295,68.837,298,100.815,237,102.59,252,115.226,278,109.814,231,-7.22396,255
"2026","Harvard",65.8531,338,68.0729,324,104.856,197,104.343,219,97.4736,87,106.45,146,-2.10724,172
"2026","Hawaii",72.4975,129,71.7454,123,110.947,126,106.093,184,84.8776,10,98.0251,28,8.06831,94
"2026","High Point",71.6219,156,71.4525,134,122.742,41,114.877,60,95.4553,71,105.178,125,9.69878,85
"2026","Hofstra",74.0083,89,70.3803,196,105.412,189,104.738,211,108.134,184,105.192,126,-0.453909,149
"2026","Holy Cross",69.4781,226,68.9569,290,97.12,271,101.727,274,119.957,311,114.667,342,-12.9404,321
"2026","Houston",65.4625,345,66.6052,358,111.33,124,118.917,29,84.5034,9,89.5657,1,29.3514,3
"2026","Houston Christian",69.725,214,69.1146,279,94.6209,290,99.2086,326,99.7339,110,109.019,200,-9.81031,288
"2026","Howard",67.8208,276,70.1336,218,103.006,215,101.882,270,110.312,218,113.945,329,-12.0629,312
"2026","Idaho",69.5125,224,69.5457,260,107.386,162,106.846,164,112.258,244,112.062,303,-5.21608,221
"2026","Idaho St.",62.4667,365,65.9742,363,107.71,160,105.369,202,119.588,309,111.882,300,-6.51298,244
"2026","Illinois",72.3,135,73.009,69,134.688,5,123.786,3,92.6439,45,95.8475,16,27.9382,6
"2026","Illinois Chicago",70.5583,185,70.7552,174,108.754,145,105.67,196,99.6963,109,104.53,115,1.13992,140
"2026","Illinois St.",69.875,205,68.5856,306,104.911,196,109.118,120,109.07,199,106.907,157,2.21177,134
"2026","Incarnate Word",64.9625,354,68.9675,288,96.1959,284,106.64,171,128.325,351,109.49,215,-2.8505,184
"2026","Indiana",70.2125,199,69.6067,254,130.483,13,119.732,18,92.0866,41,98.0733,29,21.6583,21
"2026","Indiana St.",72.2625,137,74.06,30,93.647,300,104.835,210,113.693,260,108.481,192,-3.64515,197
"2026","Iona",76.8917,39,74.2214,24,113.06,109,106.401,180,101.691,127,109.712,226,-3.31108,194
"2026","Iowa",67.3125,298,66.5026,359,128.189,19,117.896,32,93.5907,55,99.71,57,18.186,37
"2026","Iowa St.",72.9719,118,71.67,125,130.869,12,119.205,23,84.9771,14,92.2401,4,26.9648,8
"2026","IU Indy",85.2969,1,77.3843,1,106.508,175,103.623,232,118.959,300,116.458,356,-12.8353,319
"2026","Jackson St.",73.6792,101,72.025,109,79.3871,363,100.033,313,128.832,354,110.056,243,-10.0234,291
"2026","Jacksonville",69.675,216,69.0399,284,96.7892,278,100.953,289,113.64,258,107.646,175,-6.69342,245
"2026","Jacksonville St.",66.7625,313,68.8862,295,110.841,127,104.921,208,100.356,116,105.336,130,-0.415528,147
"2026","James Madison",72.0375,146,69.4415,266,106.278,177,107.69,146,112.699,252,111.223,280,-3.53296,196
"2026","Kansas",69.3344,231,70.2013,211,116.425,79,115.5,55,86.7932,18,94.6059,11,20.8942,26
"2026","Kansas City",75.5,56,71.4674,131,97.9158,265,100.261,305,121.719,326,113.892,326,-13.6309,327
"2026","Kansas St.",76.1719,44,73.819,39,123.034,40,115.673,54,103.175,141,103.121,95,12.5517,72
"2026","Kennesaw St.",80.0875,4,75.0066,11,112.995,110,109.309,114,112.492,248,109.444,213,-0.134319,145
"2026","Kent St.",73.7486,97,72.0575,108,121.819,46,113.247,74,115.769,283,110.655,260,2.59168,124
"2026","Kentucky",72.3375,133,72.5542,85,128.417,18,122.965,8,88.7589,28,94.103,10,28.8623,4
"2026","La Salle",67.4938,288,67.8762,332,107.896,157,105.578,198,109.116,201,110.566,258,-4.9879,216
"2026","Lafayette",70.4156,191,70.2756,208,96.6366,281,100.403,301,127.784,348,114.887,345,-14.4833,338
"2026","Lamar",68.2625,263,69.1879,277,105.229,195,102.982,244,106.268,166,107.149,160,-4.16662,207
"2026","Le Moyne",70.6219,182,70.299,203,100.207,240,101.016,288,112.541,250,114.47,340,-13.4542,325
"2026","Lehigh",67.6583,283,71.0178,160,86.3067,349,100.074,312,112.16,242,109.285,207,-9.21164,282
"2026","Liberty",65.1813,352,67.6876,339,136.822,3,115.71,52,110.085,209,105.362,131,10.3478,81
"2026","Lindenwood",75.9406,49,73.6526,48,90.4043,321,96.8301,347,117.459,288,111.248,283,-14.4181,336
"2026","Lipscomb",69.425,228,68.9285,294,97.4714,267,103.967,226,126.935,342,112.066,304,-8.09923,267
"2026","Little Rock",67.8375,275,69.0432,283,92.716,307,103.284,239,119.267,305,108.098,181,-4.81365,214
"2026","LIU",75.6562,51,73.4337,56,107.19,163,101.892,269,109.373,202,108.625,195,-6.73338,246
"2026","Long Beach St.",69.8656,206,69.4528,265,90.8885,317,102.108,263,110.934,227,109.181,205,-7.07369,251
"2026","Longwood",71.4042,159,72.275,96,108.063,156,105.59,197,108.255,188,109.757,229,-4.16656,206
"2026","Louisiana",63.2812,363,66.944,354,97.2833,268,102.278,260,110.291,217,110.274,250,-7.99585,264
"2026","Louisiana Monroe",72.7594,125,72.2576,97,93.9909,293,97.0604,344,116.191,286,115.846,352,-18.786,359
"2026","Louisiana Tech",65.5437,343,68.0288,327,89.588,326,101.997,266,98.6965,99,104.019,105,-2.02221,171
"2026","Louisville",77.9094,24,74.1667,26,132.28,9,125.82,2,91.7244,38,99.5183,52,26.3014,10
"2026","Loyola Chicago",66.13,330,68.2435,318,108.353,151,108.643,131,121.248,322,110.865,265,-2.22244,173
"2026","Loyola Marymount",67.8597,272,68.3418,314,111.413,123,107.496,149,94.5446,62,101.535,81,5.96054,108
"2026","Loyola MD",67.575,287,69.3162,268,101.865,227,101.448,279,103.693,146,111.493,288,-10.0456,292
"2026","LSU",72.9708,119,71.4174,138,131.442,10,117.208,38,90.5272,32,99.5285,53,17.6795,38
"2026","Maine",67.6531,284,68.1094,323,85.3789,351,94.7109,360,103.625,144,105.388,132,-10.6771,298
"2026","Manhattan",70.9,178,70.7285,176,106.208,180,106.707,167,121.729,327,116.378,355,-9.67085,286
"2026","Marist",67.8,278,67.799,334,93.4834,301,97.5872,339,87.8202,23,99.5032,51,-1.91599,165
"2026","Marquette",75.0525,64,73.6532,46,114.433,99,114.355,64,98.7733,100,100.282,62,14.0724,60
"2026","Marshall",76.1562,45,73.8968,36,111.031,125,106.993,162,111.25,229,107.571,172,-0.577881,151
"2026","Maryland",71.6375,155,70.5135,191,110.102,133,112.446,81,96.4461,80,96.7412,19,15.7046,50
"2026","Maryland Eastern Shore",66.8868,310,66.9689,351,64.5148,365,91.2863,363,110.119,213,109.117,202,-17.8309,350
"2026","Massachusetts",77.4625,28,75.4216,5,107.828,159,103.589,233,95.7502,74,106.526,147,-2.93662,187
"2026","McNeese",67.0625,306,69.702,248,115.646,86,110.934,99,105.065,161,103.038,93,7.89567,95
"2026","Memphis",74,90,73.8486,37,104.51,202,112.147,87,110.637,224,100.656,72,11.4918,77
"2026","Mercer",73.2542,112,73.337,61,102.041,224,103.89,227,116.728,287,109.969,239,-6.07857,238
"2026","Mercyhurst",66.0781,331,67.9838,328,98.5355,260,97.0951,343,100.121,113,110.384,253,-13.2894,323
"2026","Merrimack",68.8812,244,69.5539,259,101.08,235,101.088,286,118.455,297,109.406,212,-8.31773,270
"2026","Miami FL",75.5,56,72.6018,82,118.433,67,113.238,75,90.4558,31,99.4911,50,13.7471,63
"2026","Miami OH",70.8125,179,72.3304,93,115.014,91,109.307,115,93.7666,56,105.053,123,4.25418,115
"2026","Michigan",74.7171,67,72.7796,77,116.774,76,117.509,36,96.0185,75,93.2954,7,24.2134,14
"2026","Michigan St.",67.8542,273,69.383,267,112.055,118,115.144,57,95.7244,73,95.6274,13,19.5165,32
"2026","Middle Tennessee",71.2375,167,71.4639,132,108.089,155,106.208,181,101.07,119,106.406,144,-0.197743,146
"2026","Milwaukee",71.7575,151,72.6347,80,108.819,143,107.948,136,118.768,299,111.753,296,-3.80443,198
"2026","Minnesota",66.7993,312,67.4719,346,113.659,104,111.051,97,95.04,66,101.839,84,9.21146,91
"2026","Mississippi",67.6625,282,68.3324,315,125.623,31,119.193,24,96.2362,79,98.5903,34,20.6023,28
"2026","Mississippi St.",73.6833,100,72.255,98,109.167,142,116.603,46,101.861,131,99.8611,58,16.7424,45
"2026","Mississippi Valley St.",70.4595,189,68.2177,320,88.261,334,89.5712,365,126.116,338,121.221,365,-31.6503,365
"2026","Missouri",72.545,128,71.32,147,126.324,25,121.044,13,96.9561,83,101.71,82,19.3342,33
"2026","Missouri St.",73.9563,91,69.9261,237,89.2457,328,100.917,291,103.062,139,106.328,142,-5.41076,225
"2026","Monmouth",66.5062,322,70.5603,189,88.7227,331,102.261,261,107.522,176,108.242,187,-5.98101,234
"2026","Montana",78.7667,11,72.532,86,109.545,141,109.246,117,112.813,253,109.675,224,-0.429405,148
"2026","Montana St.",67.6875,280,68.6007,304,102.531,216,104.663,212,110.088,211,108.862,196,-4.19846,208
"2026","Morehead St.",73.1583,115,69.8213,241,92.1493,310,100.801,296,130.138,357,111.051,273,-10.2505,294
"2026","Morgan St.",71.6417,154,72.7994,76,103.066,214,98.224,332,118.4,294,116.794,357,-18.5701,358
"2026","Mount St. Mary's",68.6937,248,69.6453,250,89.3801,327,99.2181,325,102.452,134,107.25,162,-8.03195,265
"2026","Murray St.",78.3938,15,74.6491,16,122.397,42,111.073,96,101.147,121,106.856,155,4.21756,116
"2026","N.C. State",73.7844,94,71.0564,156,136.614,4,120.296,15,94.5398,61,98.6791,37,21.6165,22
"2026","Navy",69.5458,222,71.0159,161,103.799,210,105.718,192,110.091,212,107.946,179,-2.22827,174
"2026","Nebraska",71.475,158,71.5315,130,124.148,37,119.262,21,93.4951,52,102.154,86,17.1078,41
"2026","Nebraska Omaha",71.9594,147,70.9102,165,108.612,149,107.77,144,118.98,301,112.759,314,-4.98913,217
"2026","Nevada",67.6101,285,68.059,325,116.436,78,112.244,86,109.032,198,104.878,119,7.36631,100
"2026","New Hampshire",68.525,255,71.3641,143,76.1016,364,96.2977,352,113.932,265,113.702,322,-17.4047,348
"2026","New Haven",65.8,339,67.7536,338,87.4828,337,93.0442,362,108.642,194,111.941,302,-18.8973,360
"2026","New Mexico",70.3812,192,70.3555,198,106.945,167,107.777,142,91.3593,36,100.733,74,7.04306,101
"2026","New Mexico St.",65.7125,340,68.7395,300,115.655,84,107.432,150,103.481,143,104.896,120,2.53537,128
"2026","New Orleans",71.3667,162,71.8719,116,104.059,207,105.539,199,107.19,173,107.488,170,-1.94815,166
"2026","Niagara",65.3781,347,67.1394,350,102.284,218,99.0711,328,103.82,148,111.895,301,-12.8239,318
"2026","Nicholls",69.6281,219,69.8031,242,89.7085,324,99.7945,316,110.453,220,108.374,189,-8.57998,276
"2026","NJIT",71.1594,168,70.6722,181,99.9776,243,95.5078,357,98.088,89,110.033,241,-14.5256,340
"2026","Norfolk St.",65.3083,349,67.7763,337,88.6856,332,99.3719,324,97.276,86,106.446,145,-7.07445,252
"2026","North Alabama",67.2632,299,69.6031,255,102.149,220,104.847,209,118.62,298,111.672,293,-6.82508,248
"2026","North Carolina",74.3812,77,73.736,41,123.903,38,119.183,25,85.7285,15,97.9379,27,21.2447,23
"2026","North Carolina A&T",78.35,17,74.0601,29,100.026,242,97.5044,341,98.3733,94,111.686,295,-14.1813,334
"2026","North Carolina Central",67.4281,292,68.9486,291,87.339,339,99.4714,323,135.675,363,116.114,354,-16.6429,347
"2026","North Dakota",73.675,102,71.4402,135,99.336,249,101.926,268,112.521,249,114.262,334,-12.3365,314
"2026","North Dakota St.",73.1813,114,70.8627,167,106.986,165,106.661,169,103.013,138,108.623,194,-1.96275,167
"2026","North Florida",77.9625,23,73.6231,49,83.4551,355,102.151,262,130.19,358,117.212,359,-15.0608,344
"2026","North Texas",63.6688,362,67.6169,343,101.897,226,106.18,182,102.116,132,99.4496,49,6.7307,103
"2026","Northeastern",67.4733,290,70.1972,212,105.844,185,104.442,216,102.626,135,107.415,167,-2.9732,189
"2026","Northern Arizona",70.1125,202,70.0944,224,85.8277,350,102.821,249,114.767,273,111.57,290,-8.74957,279
"2026","Northern Colorado",73.3889,110,72.5569,84,106.586,173,107.265,152,98.1075,90,109.721,227,-2.4561,177
"2026","Northern Illinois",73.5167,107,72.1026,106,105.295,190,103.014,243,121.135,321,114.378,335,-11.3649,304
"2026","Northern Iowa",66.5208,321,67.6473,341,110.358,131,108.398,132,84.9181,11,100.551,70,7.84757,96
"2026","Northern Kentucky",70.9187,177,70.4265,195,83.836,353,100.167,310,120.159,313,110.274,249,-10.1066,293
"2026","Northwestern",67.3219,297,68.3991,313,124.625,34,115.697,53,89.5036,29,98.94,40,16.7571,44
"2026","Northwestern St.",66.9884,307,68.1241,322,96.9653,274,102.966,245,127.223,345,113.935,328,-10.9693,301
"2026","Notre Dame",68.6781,251,67.867,333,120.474,56,113.74,68,94.3799,60,99.6706,56,14.0696,61
"2026","Oakland",70.5344,187,70.1503,216,99.3796,248,109.303,116,131.491,362,110.919,267,-1.616,159
"2026","Ohio",72.7719,124,72.3971,90,102.055,223,106.958,163,120.954,320,109.492,216,-2.53443,180
"2026","Ohio St.",71.6687,153,70.7873,172,121.197,49,118.933,28,98.2687,93,100.482,68,18.4512,36
"2026","Oklahoma",72.3594,132,70.6293,184,125.991,28,119.294,20,111.705,238,105.734,139,13.5604,65
"2026","Oklahoma St.",78.7344,12,75.4194,6,114.796,93,113.287,73,85.8218,16,98.6655,35,14.6217,54
"2026","Old Dominion",69.2667,233,69.2708,272,98.7924,257,105.198,206,114.239,270,110.451,255,-5.25252,223
"2026","Oral Roberts",77.7875,27,72.8662,74,94.1554,292,102.65,251,114.18,268,114.09,330,-11.4407,306
"2026","Oregon",70.2875,196,71.2218,149,106.226,179,112.259,85,95.0408,67,97.8572,26,14.4015,56
"2026","Oregon St.",66.4656,324,67.4914,345,106.731,170,110.508,104,108.487,191,108.952,198,1.55588,137
"2026","Pacific",71.4,160,70.7696,173,107.848,158,107.763,145,101.775,129,108.221,186,-0.457991,150
"2026","Penn",77.0833,35,74.0627,28,104.723,198,105.761,189,113.846,264,113.648,321,-7.88714,262
"2026","Penn St.",65.8875,337,69.5009,262,124.216,36,113.068,78,94.8592,64,102.849,92,10.2193,82
"2026","Pepperdine",68.0757,269,70.6208,186,99.243,252,103.143,241,112.245,243,109.181,204,-6.03806,237
"2026","Pittsburgh",66.5675,317,68.0552,326,108.791,144,111.263,93,92.1234,42,98.9768,41,12.2858,73
"2026","Portland",74.1375,83,72.3385,91,92.1776,309,100.858,292,104.149,154,111.427,287,-10.5692,297
"2026","Portland St.",74.3125,79,73.1803,66,108.681,146,106.401,179,111.843,241,107.512,171,-1.11105,155
"2026","Prairie View A&M",77.4542,29,74.1757,25,86.9822,343,97.5099,340,124.853,334,111.407,285,-13.8967,329
"2026","Presbyterian",64.03,358,65.8291,364,96.6614,280,99.5652,319,108.045,181,109.943,238,-10.378,295
"2026","Princeton",72.1875,141,70.7141,177,92.1458,311,102.835,248,111.302,230,108.154,183,-5.31927,224
"2026","Providence",78.8983,9,74.4483,20,118.108,70,115.951,50,111.524,235,103.923,102,12.0278,75
"2026","Purdue",68.25,264,67.7912,335,129.353,15,128.029,1,104.478,157,99.417,48,28.6116,5
"2026","Purdue Fort Wayne",74.5375,73,72.9634,71,93.9104,297,102.519,254,119.547,308,110.201,247,-7.68207,260
"2026","Queens",71.5976,157,71.348,144,105.415,188,107.126,158,110.797,225,109.933,237,-2.8069,183
"2026","Quinnipiac",73.4656,108,73.378,60,93.9129,296,101.856,271,106.91,171,107.447,169,-5.59167,227
"2026","Radford",74.5156,74,72.2832,95,100.257,239,105.324,203,115.764,282,111.085,276,-5.7615,230
"2026","Rhode Island",69.0813,238,70.2966,204,114.769,95,108.934,125,95.5282,72,104.526,114,4.40848,114
"2026","Rice",67.2469,301,68.4474,312,100.04,241,106.585,173,112.44,247,109.822,232,-3.23722,193
"2026","Richmond",75.6,53,70.0844,225,117.078,75,110.252,107,104.343,156,106.103,140,4.14868,117
"2026","Rider",65.2875,350,68.4707,311,81.2129,361,99.5615,320,128.808,353,112.69,313,-13.1281,322
"2026","Robert Morris",67.4486,291,70.5976,188,104.599,201,105.225,204,126.555,340,109.798,230,-4.57284,212
"2026","Rutgers",66.9333,308,69.9232,238,117.927,72,110.349,106,91.9657,40,101.339,79,9.00956,93
"2026","Sacramento St.",70.7417,181,71.7736,120,105.236,194,102.455,256,108.344,189,110.967,271,-8.5117,274
"2026","Sacred Heart",69.7792,213,71.3375,145,97.1053,273,104.202,222,127.916,350,114.195,331,-9.99298,290
"2026","Saint Francis",73.5917,103,71.859,117,88.6011,333,96.3491,351,126.264,339,114.384,336,-18.0347,353
"2026","Saint Joseph's",72.8,123,71.5658,128,101.235,233,104.418,217,109.02,197,105.058,124,-0.640756,152
"2026","Saint Louis",79.6531,7,74.7342,15,121.04,51,113.489,70,88.5716,26,99.4155,47,14.0737,59
"2026","Saint Mary's",67.1219,305,66.9492,353,126.995,22,116.811,43,86.7797,17,95.6957,14,21.1152,24
"2026","Saint Peter's",67.5875,286,67.2642,347,99.2109,253,100.259,306,117.941,293,110.827,263,-10.5678,296
"2026","Sam Houston St.",72.0875,145,71.5409,129,108.226,153,107.879,137,127.197,344,109.85,235,-1.97092,168
"2026","Samford",68.9997,241,69.066,281,112.022,119,109.096,121,111.713,239,111.824,297,-2.72712,182
"2026","San Diego",65.1937,351,71.4554,133,111.846,122,106.47,178,111.232,228,110.293,252,-3.82291,200
"2026","San Diego St.",66.4375,325,69.461,263,113.254,107,113.811,67,77.8111,2,93.5872,8,20.2242,29
"2026","San Francisco",70.3625,193,70.1527,215,106.98,166,111.299,91,99.3997,106,101.362,80,9.93707,83
"2026","San Jose St.",66.3333,327,68.2803,316,105.241,192,107.789,140,124.941,336,110.034,242,-2.24471,175
"2026","Santa Clara",69.8208,209,71.4314,137,125.935,29,116.871,41,104.059,152,103.925,103,12.9454,68
"2026","Seattle",72.2625,136,71.0725,154,115.795,83,107.013,161,100.106,112,103.159,97,3.85364,118
"2026","Seton Hall",65.0656,353,67.5089,344,114.339,102,107.772,143,87.5594,21,98.6874,38,9.08435,92
"2026","Siena",65.4437,346,68.673,303,106.552,174,104.647,213,99.2076,103,106.631,149,-1.98413,170
"2026","SIUE",67.7844,279,68.5604,309,96.8223,276,100.199,309,102.743,136,103.163,98,-2.96441,188
"2026","SMU",74.3906,76,72.1511,104,118.54,66,117.445,37,103.629,145,102.15,85,15.2953,51
"2026","South Alabama",66.1719,329,67.2464,348,109.673,139,103.816,229,102.25,133,107.682,176,-3.86607,202
"2026","South Carolina",69.069,239,69.0201,285,118.6,64,111.957,88,98.1761,91,104.159,108,7.79759,97
"2026","South Carolina St.",75.4719,58,73.1874,65,80.5783,362,94.827,359,119.265,304,112.662,312,-17.8349,351
"2026","South Dakota",74.6955,68,74.4029,22,106.725,171,104.447,215,106.523,169,113.112,317,-8.66546,278
"2026","South Dakota St.",68.0958,268,70.3097,201,98.6463,259,107.049,160,104.644,160,108.207,185,-1.15796,156
"2026","South Florida",78.3812,16,74.5888,17,130.044,14,114.584,62,96.1341,76,103.702,101,10.8827,79
"2026","Southeast Missouri",77.0125,36,73.8471,38,96.5046,282,101.19,285,114.686,272,107.957,180,-6.7677,247
"2026","Southeastern Louisiana",68.6875,250,69.7206,246,86.8461,344,99.1774,327,106.343,168,105.527,135,-6.35009,242
"2026","Southern",80.1125,3,73.3291,62,99.2881,251,104.001,225,130.393,360,106.907,158,-2.90591,186
"2026","Southern Illinois",74.5718,71,73.5717,51,115.027,90,109.089,122,110.081,208,106.857,156,2.23191,133
"2026","Southern Indiana",78.9833,8,73.474,55,86.7698,345,98.4858,331,107.789,178,110.385,254,-11.8991,309
"2026","Southern Miss",67.3773,296,70.6265,185,108.626,148,104.372,218,115.835,284,111.62,291,-7.24804,256
"2026","Southern Utah",75.5344,54,72.7708,78,90.4255,320,101.475,277,127.811,349,113.197,318,-11.7219,308
"2026","St. Bonaventure",66.0563,332,67.936,329,120.121,58,111.278,92,105.48,163,106.836,154,4.44189,113
"2026","St. John's",82.6292,2,75.1038,9,119.776,60,118.893,30,95.2504,70,96.2646,17,22.6283,18
"2026","St. Thomas",69.795,211,70.2898,205,107.464,161,107.613,147,107.807,179,109.198,206,-1.58516,158
"2026","Stanford",76.5083,41,72.4298,89,112,121,109.783,112,93.552,54,100.396,65,9.38723,87
"2026","Stephen F. Austin",69.525,223,70.017,231,118.306,68,105.759,190,96.1381,77,104.456,112,1.30282,138
"2026","Stetson",75.4667,59,71.9913,111,83.2108,356,97.4301,342,119.426,307,115.518,348,-18.0879,354
"2026","Stonehill",70.4519,190,70.0364,228,86.527,346,95.7672,356,110.002,207,110.208,248,-14.4409,337
"2026","Stony Brook",66.8875,309,68.9338,293,112.626,115,105.846,188,110.237,215,112.17,306,-6.32414,240
"2026","Syracuse",68.3292,262,71.0248,158,121.113,50,115.199,56,68.6016,1,99.1484,44,16.051,48
"2026","Tarleton St.",71.3675,161,70.3092,202,105.874,184,104.076,224,119.375,306,109.903,236,-5.82647,231
"2026","TCU",71.9062,148,70.6025,187,110.728,128,110.013,109,95.2339,69,100.095,60,9.91772,84
"2026","Temple",67.1833,303,70.3455,199,121.261,48,111.026,98,101.109,120,107.37,165,3.65547,120
"2026","Tennessee",71.0906,171,69.5855,256,126.925,23,117.729,34,87.6119,22,93.1326,5,24.5965,12
"2026","Tennessee Martin",76.7562,40,72.1731,103,106.812,169,101.584,276,96.1936,78,107.327,164,-5.74265,229
"2026","Tennessee St.",78.8812,10,73.3845,58,102.185,219,103.334,236,115.596,279,109.554,220,-6.22027,239
"2026","Tennessee Tech",69.5542,221,70.3719,197,93.0563,305,96.636,350,101.843,130,110.628,259,-13.9924,331
"2026","Texas",68.1813,265,69.3074,270,117.201,74,114.361,63,91.2077,35,97.0622,21,17.2993,40
"2026","Texas A&M",74.9,65,72.9169,73,112.713,114,113.826,66,104.087,153,100.552,71,13.2732,67
"2026","Texas A&M Corpus Chris",71.875,149,70.7286,175,87.0821,342,100.312,302,109.953,204,107.624,174,-7.31263,257
"2026","Texas Southern",72.3927,131,72.3085,94,90.1349,323,99.8569,315,124.591,333,112.284,309,-12.4266,315
"2026","Texas St.",69.6406,217,68.9416,292,99.1636,255,102.289,259,107.151,172,107.415,166,-5.12532,220
"2026","Texas Tech",70.975,175,68.5633,308,124.33,35,121.431,11,99.3242,104,97.5308,25,23.9,15
"2026","The Citadel",71.3042,164,70.0783,226,103.93,208,102.085,264,126.735,341,119.599,364,-17.5141,349
"2026","Toledo",69.4563,227,70.1355,217,114.518,97,111.632,89,113.477,257,114.611,341,-2.97838,190
"2026","Towson",63.1958,364,66.8398,355,87.4927,336,103.491,234,84.9768,13,100.893,75,2.59866,123
"2026","Troy",71.7451,152,70.8354,168,105.241,191,107.066,159,109.44,203,105.417,133,1.64895,136
"2026","Tulane",65.3656,348,68.726,301,112.019,120,110.091,108,110.834,226,109.545,219,0.545771,142
"2026","Tulsa",71.1292,170,70.2145,210,118.913,61,112.364,83,110.207,214,107.068,159,5.29643,109
"2026","UAB",78.0125,20,74.7515,14,108.649,147,110.656,102,97.2322,85,104.471,113,6.18565,107
"2026","UC Davis",70.2625,197,70.0036,232,104.381,203,100.2,308,98.6481,98,106.203,141,-6.00284,235
"2026","UC Irvine",74.625,69,73.0336,68,93.4626,302,102.399,258,93.2654,51,100.403,67,1.99559,135
"2026","UC Riverside",70.5167,188,70.4998,192,102.147,221,101.641,275,108.16,185,110.523,256,-8.88215,281
"2026","UC San Diego",70.1292,201,70.4591,193,109.804,136,108.268,133,94.9998,65,105.73,138,2.53755,127
"2026","UC Santa Barbara",67.2037,302,69.0571,282,120.481,55,112.423,82,114.147,267,109.701,225,2.72191,122
"2026","UCF",73.7475,98,72.8335,75,120.646,52,116.099,48,108.536,192,104.11,107,11.9893,76
"2026","UCLA",66.5531,318,66.6654,356,113.635,105,116.322,47,100.572,118,96.7684,20,19.5531,31
"2026","UMass Lowell",72.1937,140,71.9788,112,90.7432,318,102.427,257,130.207,359,117.296,360,-14.8694,343
"2026","UMBC",68.4431,258,71.3253,146,104.61,200,103.814,230,106.269,167,113.044,316,-9.22969,285
"2026","UNC Asheville",70.9583,176,70.6866,179,101.377,231,103.773,231,108.423,190,109.739,228,-5.96642,233
"2026","UNC Greensboro",73.3639,111,70.0409,227,93.3248,303,101.432,280,120.612,318,111.233,281,-9.80071,287
"2026","UNC Wilmington",66.7,314,68.2316,319,112.913,113,110.601,103,108.583,193,108.14,182,2.46062,130
"2026","UNLV",77.1656,33,73.5182,53,120.056,59,113.378,72,108.222,187,106.801,152,6.57709,105
"2026","USC",77.9667,22,73.9785,32,126.166,27,119.216,22,91.8417,39,96.6037,18,22.6124,19
"2026","USC Upstate",67.6875,280,71.6058,126,99.3944,247,99.9891,314,111.622,236,112.446,310,-12.4572,316
"2026","UT Arlington",70.175,200,71.3979,140,87.9215,335,102.789,250,87.2127,19,104.237,110,-1.44775,157
"2026","UT Rio Grande Valley",75.5083,55,73.6888,44,106.659,172,106.543,176,111.436,234,109.025,201,-2.4825,179
"2026","Utah",72.1944,139,72.1365,105,117.207,73,111.532,90,104.569,159,104.534,116,6.99741,102
"2026","Utah St.",71.8083,150,70.7922,171,110.616,129,117.068,40,92.8594,47,100.368,63,16.7005,46
"2026","Utah Tech",68.3591,261,68.5209,310,99.6852,245,101.381,282,109.99,205,109.324,208,-7.9431,263
"2026","Utah Valley",72.825,121,71.7572,121,103.692,211,107.781,141,120.446,316,105.036,122,2.74542,121
"2026","UTEP",65.55,342,70.0973,222,83.4699,354,100.715,297,111.412,233,104.731,118,-4.01633,205
"2026","UTSA",69.3792,229,71.93,114,103.222,213,105.958,187,113.668,259,110.775,262,-4.81776,215
"2026","Valparaiso",67.8063,277,69.2844,271,97.1138,272,101.966,267,102.944,137,109.327,209,-7.36103,258
"2026","Vanderbilt",74.0687,87,72.6241,81,136.976,2,123.374,5,98.1886,92,98.9989,42,24.3747,13
"2026","VCU",73.5813,104,74.4223,21,114.445,98,112.288,84,101.713,128,98.1564,30,14.132,58
"2026","Vermont",67.4887,289,67.8958,331,115.507,87,107.535,148,104.561,158,109.16,203,-1.6253,160
"2026","Villanova",67.8781,271,68.7935,299,125.744,30,117.196,39,103.711,147,100.209,61,16.9876,43
"2026","Virginia",67.4,294,68.5721,307,134.484,6,118.719,31,90.8959,34,101.042,76,17.6769,39
"2026","Virginia Tech",74.3795,78,71.8407,118,124.861,32,116.775,44,98.4019,95,102.481,87,14.2941,57
"2026","VMI",73.4375,109,72.3335,92,96.809,277,101.47,278,112.871,255,110.032,240,-8.56134,275
"2026","Wagner",66.8729,311,67.6462,342,96.6719,279,96.0457,354,110.086,210,110.543,257,-14.4969,339
"2026","Wake Forest",76.9503,38,73.907,34,114.776,94,113.506,69,94.2197,59,98.4925,33,15.0136,52
"2026","Washington",69.3469,230,69.5639,258,118.561,65,116.742,45,96.8967,82,100.397,66,16.3445,47
"2026","Washington St.",68.1188,267,70.642,183,110.138,132,108.931,126,117.723,290,110.666,261,-1.73511,162
"2026","Weber St.",74.8468,66,71.4357,136,99.0742,256,103.322,237,108.799,195,109.649,221,-6.3269,241
"2026","West Georgia",69.6312,218,71.0275,157,98.292,264,101.803,273,114.648,271,113.711,323,-11.9075,310
"2026","West Virginia",65.9275,333,66.2446,362,110.449,130,111.102,95,82.95,8,97.2461,22,13.8559,62
"2026","Western Carolina",76.5083,42,73.4201,57,84.4551,352,100.844,293,110.242,216,106.69,150,-5.84624,232
"2026","Western Illinois",63.725,360,66.3145,361,98.3383,263,100.415,300,117.84,291,115.142,347,-14.7273,342
"2026","Western Kentucky",76.0792,47,74.3516,23,115.65,85,107.188,156,101.209,122,106.815,153,0.373232,143
"2026","Western Michigan",75.1687,63,72.4707,87,106.318,176,102.883,247,105.323,162,110.942,269,-8.05844,266
"2026","Wichita St.",69.9417,204,70.8197,169,130.979,11,112.952,79,93.2392,50,105.301,129,7.65078,98
"2026","William & Mary",78.1,19,75.6432,3,97.1609,270,106.653,170,111.323,231,111.168,278,-4.51475,211
"2026","Winthrop",75.2937,60,74.5273,18,112.951,112,109.77,113,103.467,142,107.304,163,2.46692,129
"2026","Wisconsin",69.85,207,70.1024,220,133.582,7,122.327,9,93.0785,48,98.4568,32,23.8698,17
"2026","Wofford",70.2375,198,70.0955,223,101.754,228,105.715,193,115.657,280,111.136,277,-5.42047,226
"2026","Wright St.",68.5281,254,69.0033,286,106.91,168,105.475,200,104.217,155,106.378,143,-0.903335,154
"2026","Wyoming",77.0125,36,71.4083,139,114.907,92,106.778,165,87.3267,20,104.189,109,2.58835,125
"2026","Xavier",69.5094,225,72.214,102,97.186,269,108.207,134,107.28,175,103.113,94,5.09342,111
"2026","Yale",70.3083,195,70.2153,209,132.902,8,116.819,42,99.2003,102,104.243,111,12.5757,71
"2026","Youngstown St.",69.3083,232,71.3978,141,109.549,140,108.971,124,114.935,276,107.939,178,1.03137,141
